total_sessions,active_session_limit,effective_regions,arrival_pattern,memory_budget_gb,policy,throughput,mean_jct,p50_jct,p95_jct,p99_jct,ready_queue_wait,ready_queue_empty_time,region_utilization,blocked_session_fraction,domain_cache_hit_rate,remote_kv_bytes,avg_context_hops,domain_switches,memory_occupancy,eviction_count,evicted_tokens,recompute_tokens,cache_hit_tokens,completed_sessions,admission_count,starvation_count,predictor_median_abs_error,predictor_p95_abs_error,slo_target,taps_u_p95_gain_over_reactive,taps_u_p95_gain_over_acd_nisp,taps_u_throughput_gain_over_reactive,taps_u_ready_wait_gain_over_reactive,taps_u_region_util_gain_over_reactive,strongest_baseline_p95,strongest_baseline_throughput,taps_u_p95_gain_over_strongest,taps_u_throughput_gain_over_strongest
16,4,1,poisson,8,static_admission,0.06109458650721649,44.644198705139296,34.89549555436682,105.05467661553254,128.7609970320711,321.27630947173844,108.98124945272696,0.5838647267278645,0.22922223199996414,0.0,0.0,0.0,108,0,0,0,665690,0,16,16,0,0.046956610679626476,3.7432076930999756,32.105082321167,0.030562866312212385,0.030562866312212385,-0.15941893171092303,-0.31437995302782745,-0.1404527109136614,95.85448072612061,0.11243549969779053,-0.03960161239186327,-0.15941893171092303
16,4,1,poisson,8,reactive_admission,0.11243549969779053,31.118401645372806,20.20852446339653,102.79209373668652,127.27569647914902,132.39751285198813,16.930018625172977,0.8810290559991109,0.4218494251322018,0.987216271838243,0.0,0.0,93,5982928896,0,0,8510,657180,16,16,0,0.046956610679626476,3.7432076930999756,32.105082321167,0.030562866312212385,0.030562866312212385,-0.15941893171092303,-0.31437995302782745,-0.1404527109136614,95.85448072612061,0.11243549969779053,-0.03960161239186327,-0.15941893171092303
16,4,1,poisson,8,acd_nisp,0.11243549969779053,31.118401645372806,20.20852446339653,102.79209373668652,127.27569647914902,132.39751285198813,16.930018625172977,0.8810290559991109,0.4218494251322018,0.987216271838243,0.0,0.0,93,5982928896,0,0,8510,657180,16,16,0,0.046956610679626476,3.7432076930999756,32.105082321167,0.030562866312212385,0.030562866312212385,-0.15941893171092303,-0.31437995302782745,-0.1404527109136614,95.85448072612061,0.11243549969779053,-0.03960161239186327,-0.15941893171092303
16,4,1,poisson,8,taps_admission_v4,0.0937909436399511,33.28650858457961,24.34197696167089,95.85448072612061,121.73834755640961,167.08722387929703,45.21837208555081,0.7349328882646102,0.3518964718746886,0.987216271838243,0.0,0.0,133,5982928896,0,0,8510,657180,16,16,0,0.046956610679626476,3.7432076930999756,32.105082321167,0.030562866312212385,0.030562866312212385,-0.15941893171092303,-0.31437995302782745,-0.1404527109136614,95.85448072612061,0.11243549969779053,-0.03960161239186327,-0.15941893171092303
16,4,1,poisson,8,taps_domain_v4,0.11105979865992861,31.997242649402974,21.312726988371455,101.48693519911374,135.1608312402579,146.45896891647084,18.692740164732022,0.8702492525564062,0.4166878996928549,0.987216271838243,0.0,0.0,102,5982928896,0,0,8510,657180,16,16,0,0.046956610679626476,3.7432076930999756,32.105082321167,0.030562866312212385,0.030562866312212385,-0.15941893171092303,-0.31437995302782745,-0.1404527109136614,95.85448072612061,0.11243549969779053,-0.03960161239186327,-0.15941893171092303
16,4,1,poisson,8,taps_unified,0.09451115244958495,33.719846887335876,24.429804808856815,99.65047271785977,129.2938734584914,174.02063672339733,43.91839873973555,0.7405763450854495,0.3545986404347592,0.987216271838243,0.0,0.0,137,5982928896,0,0,8510,657180,16,16,0,0.046956610679626476,3.7432076930999756,32.105082321167,0.030562866312212385,0.030562866312212385,-0.15941893171092303,-0.31437995302782745,-0.1404527109136614,95.85448072612061,0.11243549969779053,-0.03960161239186327,-0.15941893171092303
16,16,4,bursty,32,static_admission,0.10548990759097704,59.0458876411976,49.91038272163329,116.3041389030297,144.5994495720884,477.7615056431755,99.84742944057581,0.37391157290210414,0.09894752323357449,0.0,0.0,0.0,110,0,0,0,665690,0,16,16,0,0.046956610679626476,3.7432076930999756,32.105082321167,0.11135581742031493,0.11135581742031493,-0.0025161622581873293,0.2791493436566375,-0.0013211497966714725,96.02533492265019,0.11649459610149648,-0.034834072751207486,-0.0541318877407627
16,16,4,bursty,32,reactive_admission,0.11046647527881633,52.04076788138167,41.86028075768165,111.82235856970152,138.23673040322066,405.44374790830165,102.15581682289678,0.32291666414932924,0.10361544889737563,0.964908591085941,45308411904.0,1.0,111,5982928896,0,0,23360,642330,16,16,0,0.046956610679626476,3.7432076930999756,32.105082321167,0.11135581742031493,0.11135581742031493,-0.0025161622581873293,0.2791493436566375,-0.0013211497966714725,96.02533492265019,0.11649459610149648,-0.034834072751207486,-0.0541318877407627
16,16,4,bursty,32,acd_nisp,0.11046647527881633,52.04076788138167,41.86028075768165,111.82235856970152,138.23673040322066,405.44374790830165,102.15581682289678,0.32291666414932924,0.10361544889737563,0.964908591085941,45308411904.0,1.0,111,5982928896,0,0,23360,642330,16,16,0,0.046956610679626476,3.7432076930999756,32.105082321167,0.11135581742031493,0.11135581742031493,-0.0025161622581873293,0.2791493436566375,-0.0013211497966714725,96.02533492265019,0.11649459610149648,-0.034834072751207486,-0.0541318877407627
16,16,4,bursty,32,taps_admission_v4,0.11046647527881633,52.04076788138167,41.86028075768165,111.82235856970152,138.23673040322066,405.44374790830165,102.15581682289678,0.32291666414932924,0.10361544889737563,0.964908591085941,45308411904.0,1.0,111,5982928896,0,0,23360,642330,16,16,0,0.046956610679626476,3.7432076930999756,32.105082321167,0.11135581742031493,0.11135581742031493,-0.0025161622581873293,0.2791493436566375,-0.0013211497966714725,96.02533492265019,0.11649459610149648,-0.034834072751207486,-0.0541318877407627
16,16,4,bursty,32,taps_domain_v4,0.11649459610149648,43.75295353427668,37.18446797758381,96.02533492265019,129.081408277202,273.4517046064486,96.2655823786549,0.3394223502008114,0.10926971136454607,0.9797623518454536,36961476608.0,1.0,86,5982928896,0,0,13472,652218,16,16,0,0.046956610679626476,3.7432076930999756,32.105082321167,0.11135581742031493,0.11135581742031493,-0.0025161622581873293,0.2791493436566375,-0.0013211497966714725,96.02533492265019,0.11649459610149648,-0.034834072751207486,-0.0541318877407627
16,16,4,bursty,32,taps_unified,0.11018852370292478,44.94859380277957,41.51131335929357,99.37028842530485,136.0386052245997,292.26439179001204,102.84043220743814,0.32159551435265776,0.1033547356154949,0.9714837236551548,36662427648.0,1.0,94,5982928896,0,0,18983,646707,16,16,0,0.046956610679626476,3.7432076930999756,32.105082321167,0.11135581742031493,0.11135581742031493,-0.0025161622581873293,0.2791493436566375,-0.0013211497966714725,96.02533492265019,0.11649459610149648,-0.034834072751207486,-0.0541318877407627
32,8,2,closed_loop,16,static_admission,0.060970225514902075,54.9425279425471,42.74979390310388,120.37664841603933,231.00083395711766,791.8246939481728,353.2007655082923,0.35713259021726,0.140864258891859,0.0,0.0,0.0,160,0,0,0,1265029,0,32,32,0,0.046956610679626476,3.7432076930999756,32.105082321167,0.041753185088280804,0.041753185088280804,0.228858291579055,0.057633321797591675,0.0987452090107479,112.47741597941513,0.10764785540803001,-0.021341761508123794,0.006900682675065958
32,8,2,closed_loop,16,reactive_admission,0.08820439251752342,43.49809188462527,29.96782315888307,119.88339577928181,225.94167097769935,486.5397142955426,214.54697046311972,0.43267354766976274,0.20378547525547114,0.9844130055516513,35087532032.0,1.0,194,10583121920,0,0,19718,1245311,32,32,0,0.046956610679626476,3.7432076930999756,32.105082321167,0.041753185088280804,0.041753185088280804,0.228858291579055,0.057633321797591675,0.0987452090107479,112.47741597941513,0.10764785540803001,-0.021341761508123794,0.006900682675065958
32,8,2,closed_loop,16,acd_nisp,0.08820439251752342,43.49809188462527,29.96782315888307,119.88339577928181,225.94167097769935,486.5397142955426,214.54697046311972,0.43267354766976274,0.20378547525547114,0.9844130055516513,35087532032.0,1.0,194,10583121920,0,0,19718,1245311,32,32,0,0.046956610679626476,3.7432076930999756,32.105082321167,0.041753185088280804,0.041753185088280804,0.228858291579055,0.057633321797591675,0.0987452090107479,112.47741597941513,0.10764785540803001,-0.021341761508123794,0.006900682675065958
32,8,2,closed_loop,16,taps_admission_v4,0.10764785540803001,43.586200160355936,30.797260918651556,114.2991522924556,225.59933290910925,489.53849024084343,146.7111263720262,0.5277489662983162,0.24870722135747866,0.9870587946995681,30159904768.0,1.0,283,10583121920,0,0,16371,1248658,32,32,0,0.046956610679626476,3.7432076930999756,32.105082321167,0.041753185088280804,0.041753185088280804,0.228858291579055,0.057633321797591675,0.0987452090107479,112.47741597941513,0.10764785540803001,-0.021341761508123794,0.006900682675065958
32,8,2,closed_loop,16,taps_domain_v4,0.0920240385470597,42.90789850882013,29.691593070724586,112.47741597941513,220.67695700664106,467.67929015759125,196.1728394330453,0.4513732087207388,0.21261030085904956,0.9846232774110317,32435830784.0,1.0,175,10583121920,0,0,19452,1245577,32,32,0,0.046956610679626476,3.7432076930999756,32.105082321167,0.041753185088280804,0.041753185088280804,0.228858291579055,0.057633321797591675,0.0987452090107479,112.47741597941513,0.10764785540803001,-0.021341761508123794,0.006900682675065958
32,8,2,closed_loop,16,taps_unified,0.10839069909885221,42.616726242164546,30.397966277546928,114.87788216629784,235.26257926863175,458.49881437423926,144.70360449625628,0.5314187566805106,0.25042347097106404,0.9870587946995681,33462001664.0,1.0,271,10583121920,0,0,16371,1248658,32,32,0,0.046956610679626476,3.7432076930999756,32.105082321167,0.041753185088280804,0.041753185088280804,0.228858291579055,0.057633321797591675,0.0987452090107479,112.47741597941513,0.10764785540803001,-0.021341761508123794,0.006900682675065958
32,16,4,bursty,32,static_admission,0.07534351802565947,64.56737029680478,52.88904535936453,125.73590912604922,235.421879833584,1005.9761651691164,318.2318237244577,0.2759002834144762,0.08703599781171797,0.0,0.0,0.0,222,0,0,0,1265029,0,32,32,0,0.046956610679626476,3.7432076930999756,32.105082321167,0.06096623552134859,0.06096623552134859,0.0900480704389429,-0.02221157523862432,0.027745335677718697,107.7079403189993,0.11665955936126984,-0.05166773831310126,-0.031434371929391164
32,16,4,bursty,32,reactive_admission,0.10365821696073345,50.91956109106033,40.555221018739644,120.62714918087454,227.1812872305734,644.1031681525033,220.87499351957166,0.31896447697804037,0.11974482451812771,0.9691880581393786,88334647296.0,1.0,228,10583121920,0,0,38978,1226051,32,32,0,0.046956610679626476,3.7432076930999756,32.105082321167,0.06096623552134859,0.06096623552134859,0.0900480704389429,-0.02221157523862432,0.027745335677718697,107.7079403189993,0.11665955936126984,-0.05166773831310126,-0.031434371929391164
32,16,4,bursty,32,acd_nisp,0.10365821696073345,50.91956109106033,40.555221018739644,120.62714918087454,227.1812872305734,644.1031681525033,220.87499351957166,0.31896447697804037,0.11974482451812771,0.9691880581393786,88334647296.0,1.0,228,10583121920,0,0,38978,1226051,32,32,0,0.046956610679626476,3.7432076930999756,32.105082321167,0.06096623552134859,0.06096623552134859,0.0900480704389429,-0.02221157523862432,0.027745335677718697,107.7079403189993,0.11665955936126984,-0.05166773831310126,-0.031434371929391164
32,16,4,bursty,32,taps_admission_v4,0.11665955936126984,52.31493055929886,39.9959831372355,119.9085040490954,232.6419846980183,689.4141697082732,185.67269542123444,0.3583698517286958,0.13476383130696792,0.978383104260851,90912489472.0,1.0,264,10583121920,0,0,27346,1237683,32,32,0,0.046956610679626476,3.7432076930999756,32.105082321167,0.06096623552134859,0.06096623552134859,0.0900480704389429,-0.02221157523862432,0.027745335677718697,107.7079403189993,0.11665955936126984,-0.05166773831310126,-0.031434371929391164
32,16,4,bursty,32,taps_domain_v4,0.10415716389258603,49.03727735390754,40.807136644565,107.7079403189993,227.6314220315975,584.7966082649762,217.5098851601336,0.31974584100661957,0.12032120248940982,0.9807324575167842,71721803776.0,1.0,194,10583121920,0,0,24374,1240655,32,32,0,0.046956610679626476,3.7432076930999756,32.105082321167,0.06096623552134859,0.06096623552134859,0.0900480704389429,-0.02221157523862432,0.027745335677718697,107.7079403189993,0.11665955936126984,-0.05166773831310126,-0.031434371929391164
32,16,4,bursty,32,taps_unified,0.1129924393831888,51.3320613477253,43.092667248892724,113.27296599364449,237.7608705824083,658.4097141333589,196.6657766105755,0.34670981265575906,0.13052761491103496,0.983395637570364,74653687808.0,1.0,248,10583121920,0,0,21005,1244024,32,32,0,0.046956610679626476,3.7432076930999756,32.105082321167,0.06096623552134859,0.06096623552134859,0.0900480704389429,-0.02221157523862432,0.027745335677718697,107.7079403189993,0.11665955936126984,-0.05166773831310126,-0.031434371929391164
64,4,4,bursty,32,static_admission,0.06662971739324394,29.908674815651526,18.730084985163558,78.45739004132321,179.3240648823458,0.0,860.6853379992141,0.2624609469997944,0.23574069064352918,0.0,0.0,0.0,200,0,0,0,2918470,0,64,64,0,0.046956610679626476,3.7432076930999756,32.105082321167,0.0011190522781187831,0.0011190522781187831,-0.013538147095374618,0.0,-0.006926559108726693,76.96796437057407,0.144679239400338,0.00013256131029996696,-0.014066349045265436
64,4,4,bursty,32,reactive_admission,0.14460177076215908,27.13134225175411,16.165451032276316,77.04397763505382,177.39682574440235,0.0,423.74207923486415,0.46919865854470866,0.5116113746447487,0.9876024081110993,179087032320.0,1.0,303,16559915008,0,0,36182,2882288,64,64,0,0.046956610679626476,3.7432076930999756,32.105082321167,0.0011190522781187831,0.0011190522781187831,-0.013538147095374618,0.0,-0.006926559108726693,76.96796437057407,0.144679239400338,0.00013256131029996696,-0.014066349045265436
64,4,4,bursty,32,acd_nisp,0.14460177076215908,27.13134225175411,16.165451032276316,77.04397763505382,177.39682574440235,0.0,423.74207923486415,0.46919865854470866,0.5116113746447487,0.9876024081110993,179087032320.0,1.0,303,16559915008,0,0,36182,2882288,64,64,0,0.046956610679626476,3.7432076930999756,32.105082321167,0.0011190522781187831,0.0011190522781187831,-0.013538147095374618,0.0,-0.006926559108726693,76.96796437057407,0.144679239400338,0.00013256131029996696,-0.014066349045265436
64,4,4,bursty,32,taps_admission_v4,0.1425950342562294,27.127108395048925,16.165497050836308,76.96796437057407,177.37137018732273,0.0,422.8719869767785,0.4625363399038549,0.504511397812258,0.9898827125171751,201790840832.0,1.0,492,16559915008,0,0,29527,2888943,64,64,0,0.046956610679626476,3.7432076930999756,32.105082321167,0.0011190522781187831,0.0011190522781187831,-0.013538147095374618,0.0,-0.006926559108726693,76.96796437057407,0.144679239400338,0.00013256131029996696,-0.014066349045265436
64,4,4,bursty,32,taps_domain_v4,0.144679239400338,27.12178862487411,16.164429592276306,77.04267325975783,177.39159646762798,0.0,423.7933074513965,0.4691044731459658,0.5118854642099155,0.9876024081110993,56800608256.0,1.0,302,16559915008,0,0,36182,2882288,64,64,0,0.046956610679626476,3.7432076930999756,32.105082321167,0.0011190522781187831,0.0011190522781187831,-0.013538147095374618,0.0,-0.006926559108726693,76.96796437057407,0.144679239400338,0.00013256131029996696,-0.014066349045265436
64,4,4,bursty,32,taps_unified,0.14264413071932933,27.115232828968928,16.162124936916342,76.95776139636598,177.36763953864434,0.0,423.0657612512875,0.46227209943598196,0.5046851045991416,0.9898827125171751,49783595008.0,1.0,495,16559915008,0,0,29527,2888943,64,64,0,0.046956610679626476,3.7432076930999756,32.105082321167,0.0011190522781187831,0.0011190522781187831,-0.013538147095374618,0.0,-0.006926559108726693,76.96796437057407,0.144679239400338,0.00013256131029996696,-0.014066349045265436
64,8,4,bursty,32,static_admission,0.08027127484697906,38.154939231203436,28.62057687032018,84.66666138658309,186.10377486109985,527.760922595322,584.43336334278,0.31619637059056666,0.14200274675922725,0.0,0.0,0.0,403,0,0,0,2918470,0,64,64,0,0.046956610679626476,3.7432076930999756,32.105082321167,0.05272511972028119,0.05272511972028119,-0.011308692895275377,-0.22630837491521455,-0.007807245184545564,78.67939025902366,0.19765111103165206,-0.004031901470188808,-0.011308692895275377
64,8,4,bursty,32,reactive_admission,0.19765111103165206,30.296631043724368,19.907298761009088,83.39355286710003,182.1800321941109,202.2350517294156,157.4983783445849,0.6415964165135102,0.34965186139140886,0.9863760806175839,206342692864.0,1.0,438,16559915008,0,0,39761,2878709,64,64,0,0.046956610679626476,3.7432076930999756,32.105082321167,0.05272511972028119,0.05272511972028119,-0.011308692895275377,-0.22630837491521455,-0.007807245184545564,78.67939025902366,0.19765111103165206,-0.004031901470188808,-0.011308692895275377
64,8,4,bursty,32,acd_nisp,0.19765111103165206,30.296631043724368,19.907298761009088,83.39355286710003,182.1800321941109,202.2350517294156,157.4983783445849,0.6415964165135102,0.34965186139140886,0.9863760806175839,206342692864.0,1.0,438,16559915008,0,0,39761,2878709,64,64,0,0.046956610679626476,3.7432076930999756,32.105082321167,0.05272511972028119,0.05272511972028119,-0.011308692895275377,-0.22630837491521455,-0.007807245184545564,78.67939025902366,0.19765111103165206,-0.004031901470188808,-0.011308692895275377
64,8,4,bursty,32,taps_admission_v4,0.19672432145520127,30.943032488116717,20.886779197558127,78.67939025902366,180.47004849767234,244.0358138386343,169.4784739089638,0.6382567021256595,0.34801233759195876,0.9888283929593246,202955497472.0,1.0,602,16559915008,0,0,32604,2885866,64,64,0,0.046956610679626476,3.7432076930999756,32.105082321167,0.05272511972028119,0.05272511972028119,-0.011308692895275377,-0.22630837491521455,-0.007807245184545564,78.67939025902366,0.19765111103165206,-0.004031901470188808,-0.011308692895275377
64,8,4,bursty,32,taps_domain_v4,0.19649951790491596,30.21010249596846,19.054699167599132,81.70707732910941,182.86470241568327,196.60785861018954,160.55838492112719,0.6379268186602953,0.3476146520975819,0.9845175725637063,161410342912.0,1.0,444,16559915008,0,0,45185,2873285,64,64,0,0.046956610679626476,3.7432076930999756,32.105082321167,0.05272511972028119,0.05272511972028119,-0.011308692895275377,-0.22630837491521455,-0.007807245184545564,78.67939025902366,0.19765111103165206,-0.004031901470188808,-0.011308692895275377
64,8,4,bursty,32,taps_unified,0.19541593531658513,31.000456642259607,20.212661482987635,78.99661780828258,184.13160515717163,248.002537637194,167.26354624372846,0.6337891713289646,0.34569775587067186,0.9893451020568996,162032009216.0,1.0,606,16559915008,0,0,31096,2887374,64,64,0,0.046956610679626476,3.7432076930999756,32.105082321167,0.05272511972028119,0.05272511972028119,-0.011308692895275377,-0.22630837491521455,-0.007807245184545564,78.67939025902366,0.19765111103165206,-0.004031901470188808,-0.011308692895275377
64,16,1,bursty,32,static_admission,0.06944014783995504,154.03711196891646,148.7633844780732,201.99218531168594,259.1537546045254,8272.911794947795,241.9399049352493,0.7374946442642437,0.06142104848488982,0.0,0.0,0.0,386,0,0,0,2918470,0,64,64,0,0.046956610679626476,3.7432076930999756,32.105082321167,0.0721775766005885,0.0721775766005885,-0.00694897891303495,0.1175289205517321,-0.0069339474786080935,170.78796012414642,0.11423379055701857,0.0721775766005885,-0.00694897891303495
64,16,1,bursty,32,reactive_admission,0.11423379055701857,106.41602788930831,99.57258633426159,170.78796012414642,257.45291726584014,5345.836885450667,1.2118945121765137,0.9978368858768567,0.10104182388244072,0.9898827125171751,0.0,0.0,393,16559915008,0,0,29527,2888943,64,64,0,0.046956610679626476,3.7432076930999756,32.105082321167,0.0721775766005885,0.0721775766005885,-0.00694897891303495,0.1175289205517321,-0.0069339474786080935,170.78796012414642,0.11423379055701857,0.0721775766005885,-0.00694897891303495
64,16,1,bursty,32,acd_nisp,0.11423379055701857,106.41602788930831,99.57258633426159,170.78796012414642,257.45291726584014,5345.836885450667,1.2118945121765137,0.9978368858768567,0.10104182388244072,0.9898827125171751,0.0,0.0,393,16559915008,0,0,29527,2888943,64,64,0,0.046956610679626476,3.7432076930999756,32.105082321167,0.0721775766005885,0.0721775766005885,-0.00694897891303495,0.1175289205517321,-0.0069339474786080935,170.78796012414642,0.11423379055701857,0.0721775766005885,-0.00694897891303495
64,16,1,bursty,32,taps_admission_v4,0.11266528489357777,110.64948929824185,104.57918313530382,187.19925661502535,265.10606912530847,5616.778415622405,9.01165663762481,0.9841359240243578,0.09965445266564753,0.9898827125171751,0.0,0.0,614,16559915008,0,0,29527,2888943,64,64,0,0.046956610679626476,3.7432076930999756,32.105082321167,0.0721775766005885,0.0721775766005885,-0.00694897891303495,0.1175289205517321,-0.0069339474786080935,170.78796012414642,0.11423379055701857,0.0721775766005885,-0.00694897891303495
64,16,1,bursty,32,taps_domain_v4,0.11388393903837424,91.00039277489718,78.44672942366662,215.49227250760615,294.5004142162645,4359.236238128355,2.9329967498779297,0.994780918389643,0.10073237397834935,0.9898827125171751,0.0,0.0,321,16559915008,0,0,29527,2888943,64,64,18,0.046956610679626476,3.7432076930999756,32.105082321167,0.0721775766005885,0.0721775766005885,-0.00694897891303495,0.1175289205517321,-0.0069339474786080935,170.78796012414642,0.11423379055701857,0.0721775766005885,-0.00694897891303495
64,16,1,bursty,32,taps_unified,0.1134399823552818,96.59898978629823,100.716763117906,158.4608990498276,228.73448832753087,4717.546446858017,5.132334565150472,0.9909029383982486,0.1003396863789471,0.9898827125171751,0.0,0.0,571,16559915008,0,0,29527,2888943,64,64,4,0.046956610679626476,3.7432076930999756,32.105082321167,0.0721775766005885,0.0721775766005885,-0.00694897891303495,0.1175289205517321,-0.0069339474786080935,170.78796012414642,0.11423379055701857,0.0721775766005885,-0.00694897891303495
64,16,2,bursty,32,static_admission,0.0852156548639023,94.72954611516113,86.74280003945431,135.54490738588177,212.75386947276726,4350.430309456287,364.30890061773584,0.5369347803795056,0.07537476563458262,0.0,0.0,0.0,464,0,0,0,2918470,0,64,64,0,0.046956610679626476,3.7432076930999756,32.105082321167,0.15842494039852056,0.15842494039852056,-0.0018149214901961258,0.13958700849660044,-0.002197790634946184,112.51334287826697,0.17520345124313944,0.06749666558582974,-0.018293803964411864
64,16,2,bursty,32,reactive_admission,0.1723110446701791,64.51940145750906,56.57888736801169,124.6698867831852,216.35145631695394,2559.2901515508124,45.360965216664574,0.8941399010817783,0.15241219033061223,0.9863349631827636,79477923840.0,1.0,459,16559915008,0,0,39881,2878589,64,64,0,0.046956610679626476,3.7432076930999756,32.105082321167,0.15842494039852056,0.15842494039852056,-0.0018149214901961258,0.13958700849660044,-0.002197790634946184,112.51334287826697,0.17520345124313944,0.06749666558582974,-0.018293803964411864
64,16,2,bursty,32,acd_nisp,0.1723110446701791,64.51940145750906,56.57888736801169,124.6698867831852,216.35145631695394,2559.2901515508124,45.360965216664574,0.8941399010817783,0.15241219033061223,0.9863349631827636,79477923840.0,1.0,459,16559915008,0,0,39881,2878589,64,64,0,0.046956610679626476,3.7432076930999756,32.105082321167,0.15842494039852056,0.15842494039852056,-0.0018149214901961258,0.13958700849660044,-0.002197790634946184,112.51334287826697,0.17520345124313944,0.06749666558582974,-0.018293803964411864
64,16,2,bursty,32,taps_admission_v4,0.16925148506302914,62.95873921207164,55.976277776151264,112.51334287826697,213.87959608687856,2459.7931222002203,51.31603360780204,0.8777539833286939,0.14970595532364941,0.9893451020568996,83744145408.0,1.0,590,16559915008,0,0,31096,2887374,64,64,0,0.046956610679626476,3.7432076930999756,32.105082321167,0.15842494039852056,0.15842494039852056,-0.0018149214901961258,0.13958700849660044,-0.002197790634946184,112.51334287826697,0.17520345124313944,0.06749666558582974,-0.018293803964411864
64,16,2,bursty,32,taps_domain_v4,0.17520345124313944,63.48585787349523,51.23605233096963,152.79840909215457,216.18972716472436,2493.4778574686543,35.658005996059565,0.9086910496409591,0.15497057549945237,0.9888116033401063,79543697408.0,1.0,402,16559915008,0,0,32653,2885817,64,64,2,0.046956610679626476,3.7432076930999756,32.105082321167,0.15842494039852056,0.15842494039852056,-0.0018149214901961258,0.13958700849660044,-0.002197790634946184,112.51334287826697,0.17520345124313944,0.06749666558582974,-0.018293803964411864
64,16,2,bursty,32,taps_unified,0.17199831365220905,58.93078325430954,52.746980966399406,104.91906740006878,200.51336484522074,2202.0464954210233,44.16799306200804,0.8919421104468321,0.1521355741710136,0.9893937576881037,76566454272.0,1.0,576,16559915008,0,0,30954,2887516,64,64,0,0.046956610679626476,3.7432076930999756,32.105082321167,0.15842494039852056,0.15842494039852056,-0.0018149214901961258,0.13958700849660044,-0.002197790634946184,112.51334287826697,0.17520345124313944,0.06749666558582974,-0.018293803964411864
64,16,4,bursty,8,static_admission,0.09269970763378291,63.21801443073158,54.39666961586519,108.45934423330696,199.63819796900697,2131.797735365124,458.7416189602136,0.36515317795170044,0.08199454370737383,0.0,0.0,0.0,477,0,0,0,2918470,0,64,64,0,0.046956610679626476,3.7432076930999756,32.105082321167,-0.4052570404355945,-0.4052570404355945,-0.4359723880829704,0.4539981343649344,-0.27785811192131027,97.10747189151104,0.20752819993754879,-0.49333032746285976,-0.44867043681549734
64,16,4,bursty,8,reactive_admission,0.20285608257927973,49.57583840357104,40.55807453753016,103.19359990816346,197.54088395307923,1435.1829241715386,115.51348585648836,0.6592224271038285,0.17942982080443706,0.9808882736502346,205798039552.0,1.0,509,8574877696,270,757028,55777,2862693,64,64,0,0.046956610679626476,3.7432076930999756,32.105082321167,-0.4052570404355945,-0.4052570404355945,-0.4359723880829704,0.4539981343649344,-0.27785811192131027,97.10747189151104,0.20752819993754879,-0.49333032746285976,-0.44867043681549734
64,16,4,bursty,8,acd_nisp,0.20285608257927973,49.57583840357104,40.55807453753016,103.19359990816346,197.54088395307923,1435.1829241715386,115.51348585648836,0.6592224271038285,0.17942982080443706,0.9808882736502346,205798039552.0,1.0,509,8574877696,270,757028,55777,2862693,64,64,0,0.046956610679626476,3.7432076930999756,32.105082321167,-0.4052570404355945,-0.4052570404355945,-0.4359723880829704,0.4539981343649344,-0.27785811192131027,97.10747189151104,0.20752819993754879,-0.49333032746285976,-0.44867043681549734
64,16,4,bursty,8,taps_admission_v4,0.1956393637933897,48.727851893818126,40.125790042150655,97.10747189151104,197.31002499361415,1382.1112069155743,131.1249492118334,0.6348536041471726,0.1730465044055206,0.9871771853059994,178386345984.0,1.0,604,8558247936,290,666498,37423,2881047,64,64,0,0.046956610679626476,3.7432076930999756,32.105082321167,-0.4052570404355945,-0.4052570404355945,-0.4359723880829704,0.4539981343649344,-0.27785811192131027,97.10747189151104,0.20752819993754879,-0.49333032746285976,-0.44867043681549734
64,16,4,bursty,8,taps_domain_v4,0.20752819993754879,46.65511829321045,35.73923807899041,120.46999819201676,189.08085376645056,1249.1312340346951,119.05364459413175,0.6736965942565869,0.1835623918849414,0.984948277693449,167310581760.0,1.0,461,8539381760,243,632758,43928,2874542,64,64,3,0.046956610679626476,3.7432076930999756,32.105082321167,-0.4052570404355945,-0.4052570404355945,-0.4359723880829704,0.4539981343649344,-0.27785811192131027,97.10747189151104,0.20752819993754879,-0.49333032746285976,-0.44867043681549734
64,16,4,bursty,8,taps_unified,0.1144164318200349,49.44380754458846,39.30701312103988,145.01353279884063,232.61633480395767,783.612554125249,214.29047176501516,0.38136431518251823,0.11076885698042586,0.9862069262476848,99404218368.0,1.0,344,8453939200,7,34906,22423,1603248,38,38,26,0.046956610679626476,3.7432076930999756,32.105082321167,-0.4052570404355945,-0.4052570404355945,-0.4359723880829704,0.4539981343649344,-0.27785811192131027,97.10747189151104,0.20752819993754879,-0.49333032746285976,-0.44867043681549734
64,16,4,bursty,16,static_admission,0.09269970763378291,63.21801443073158,54.39666961586519,108.45934423330696,199.63819796900697,2131.797735365124,458.7416189602136,0.36515317795170044,0.08199454370737383,0.0,0.0,0.0,477,0,0,0,2918470,0,64,64,0,0.046956610679626476,3.7432076930999756,32.105082321167,0.05510386190330337,0.05510386190330337,-0.050606520847950504,0.10848380596602544,-0.0343983577159086,97.09789896803052,0.20806875914853756,0.00277294633407099,-0.07525554577984653
64,16,4,bursty,16,reactive_admission,0.2026666870420579,49.55995718544262,40.169350479223226,102.47544444417244,195.77188876911492,1434.4279074491656,115.7457134614869,0.6584000206442614,0.17926229707592609,0.9821365304423209,195576242176.0,1.0,509,16559915008,0,0,52134,2866336,64,64,0,0.046956610679626476,3.7432076930999756,32.105082321167,0.05510386190330337,0.05510386190330337,-0.050606520847950504,0.10848380596602544,-0.0343983577159086,97.09789896803052,0.20806875914853756,0.00277294633407099,-0.07525554577984653
64,16,4,bursty,16,acd_nisp,0.2026666870420579,49.55995718544262,40.169350479223226,102.47544444417244,195.77188876911492,1434.4279074491656,115.7457134614869,0.6584000206442614,0.17926229707592609,0.9821365304423209,195576242176.0,1.0,509,16559915008,0,0,52134,2866336,64,64,0,0.046956610679626476,3.7432076930999756,32.105082321167,0.05510386190330337,0.05510386190330337,-0.050606520847950504,0.10848380596602544,-0.0343983577159086,97.09789896803052,0.20806875914853756,0.00277294633407099,-0.07525554577984653
64,16,4,bursty,16,taps_admission_v4,0.19567912070189733,48.69524899130352,40.125790042150655,97.09789896803052,196.57733775988703,1380.2113403372318,130.404800061595,0.6348398932675863,0.1730816700997338,0.9886553570877892,190256496640.0,1.0,599,16559915008,0,0,33109,2885361,64,64,0,0.046956610679626476,3.7432076930999756,32.105082321167,0.05510386190330337,0.05510386190330337,-0.050606520847950504,0.10848380596602544,-0.0343983577159086,97.09789896803052,0.20806875914853756,0.00277294633407099,-0.07525554577984653
64,16,4,bursty,16,taps_domain_v4,0.20806875914853756,46.71891690602336,34.75766178496491,120.00679457421666,194.90820763272382,1253.301973349576,116.0246809861085,0.6753801845265045,0.18404052614213842,0.9855239217809332,169169272832.0,1.0,442,16559915008,0,0,42248,2876222,64,64,3,0.046956610679626476,3.7432076930999756,32.105082321167,0.05510386190330337,0.05510386190330337,-0.050606520847950504,0.10848380596602544,-0.0343983577159086,97.09789896803052,0.20806875914853756,0.00277294633407099,-0.07525554577984653
64,16,4,bursty,16,taps_unified,0.19241043111907893,47.10608487782264,39.92774370848148,96.82865170504112,199.5934858611353,1278.8157086651984,138.03783640294765,0.6240016629283528,0.17019045590170145,0.9898827125171751,169548087296.0,1.0,590,16559915008,0,0,29527,2888943,64,64,0,0.046956610679626476,3.7432076930999756,32.105082321167,0.05510386190330337,0.05510386190330337,-0.050606520847950504,0.10848380596602544,-0.0343983577159086,97.09789896803052,0.20806875914853756,0.00277294633407099,-0.07525554577984653
64,16,4,bursty,32,static_admission,0.09269970763378291,63.21801443073158,54.39666961586519,108.45934423330696,199.63819796900697,2131.797735365124,458.7416189602136,0.36515317795170044,0.08199454370737383,0.0,0.0,0.0,477,0,0,0,2918470,0,64,64,0,0.046956610679626476,3.7432076930999756,32.105082321167,0.05510386190330337,0.05510386190330337,-0.050606520847950504,0.10848380596602544,-0.0343983577159086,97.09789896803052,0.20806875914853756,0.00277294633407099,-0.07525554577984653
64,16,4,bursty,32,reactive_admission,0.2026666870420579,49.55995718544262,40.169350479223226,102.47544444417244,195.77188876911492,1434.4279074491656,115.7457134614869,0.6584000206442614,0.17926229707592609,0.9821365304423209,195576242176.0,1.0,509,16559915008,0,0,52134,2866336,64,64,0,0.046956610679626476,3.7432076930999756,32.105082321167,0.05510386190330337,0.05510386190330337,-0.050606520847950504,0.10848380596602544,-0.0343983577159086,97.09789896803052,0.20806875914853756,0.00277294633407099,-0.07525554577984653
64,16,4,bursty,32,acd_nisp,0.2026666870420579,49.55995718544262,40.169350479223226,102.47544444417244,195.77188876911492,1434.4279074491656,115.7457134614869,0.6584000206442614,0.17926229707592609,0.9821365304423209,195576242176.0,1.0,509,16559915008,0,0,52134,2866336,64,64,0,0.046956610679626476,3.7432076930999756,32.105082321167,0.05510386190330337,0.05510386190330337,-0.050606520847950504,0.10848380596602544,-0.0343983577159086,97.09789896803052,0.20806875914853756,0.00277294633407099,-0.07525554577984653
64,16,4,bursty,32,taps_admission_v4,0.19567912070189733,48.69524899130352,40.125790042150655,97.09789896803052,196.57733775988703,1380.2113403372318,130.404800061595,0.6348398932675863,0.1730816700997338,0.9886553570877892,190256496640.0,1.0,599,16559915008,0,0,33109,2885361,64,64,0,0.046956610679626476,3.7432076930999756,32.105082321167,0.05510386190330337,0.05510386190330337,-0.050606520847950504,0.10848380596602544,-0.0343983577159086,97.09789896803052,0.20806875914853756,0.00277294633407099,-0.07525554577984653
64,16,4,bursty,32,taps_domain_v4,0.20806875914853756,46.71891690602336,34.75766178496491,120.00679457421666,194.90820763272382,1253.301973349576,116.0246809861085,0.6753801845265045,0.18404052614213842,0.9855239217809332,169169272832.0,1.0,442,16559915008,0,0,42248,2876222,64,64,3,0.046956610679626476,3.7432076930999756,32.105082321167,0.05510386190330337,0.05510386190330337,-0.050606520847950504,0.10848380596602544,-0.0343983577159086,97.09789896803052,0.20806875914853756,0.00277294633407099,-0.07525554577984653
64,16,4,bursty,32,taps_unified,0.19241043111907893,47.10608487782264,39.92774370848148,96.82865170504112,199.5934858611353,1278.8157086651984,138.03783640294765,0.6240016629283528,0.17019045590170145,0.9898827125171751,169548087296.0,1.0,590,16559915008,0,0,29527,2888943,64,64,0,0.046956610679626476,3.7432076930999756,32.105082321167,0.05510386190330337,0.05510386190330337,-0.050606520847950504,0.10848380596602544,-0.0343983577159086,97.09789896803052,0.20806875914853756,0.00277294633407099,-0.07525554577984653
64,16,4,bursty,64,static_admission,0.09269970763378291,63.21801443073158,54.39666961586519,108.45934423330696,199.63819796900697,2131.797735365124,458.7416189602136,0.36515317795170044,0.08199454370737383,0.0,0.0,0.0,477,0,0,0,2918470,0,64,64,0,0.046956610679626476,3.7432076930999756,32.105082321167,0.05510386190330337,0.05510386190330337,-0.050606520847950504,0.10848380596602544,-0.0343983577159086,97.09789896803052,0.20806875914853756,0.00277294633407099,-0.07525554577984653
64,16,4,bursty,64,reactive_admission,0.2026666870420579,49.55995718544262,40.169350479223226,102.47544444417244,195.77188876911492,1434.4279074491656,115.7457134614869,0.6584000206442614,0.17926229707592609,0.9821365304423209,195576242176.0,1.0,509,16559915008,0,0,52134,2866336,64,64,0,0.046956610679626476,3.7432076930999756,32.105082321167,0.05510386190330337,0.05510386190330337,-0.050606520847950504,0.10848380596602544,-0.0343983577159086,97.09789896803052,0.20806875914853756,0.00277294633407099,-0.07525554577984653
64,16,4,bursty,64,acd_nisp,0.2026666870420579,49.55995718544262,40.169350479223226,102.47544444417244,195.77188876911492,1434.4279074491656,115.7457134614869,0.6584000206442614,0.17926229707592609,0.9821365304423209,195576242176.0,1.0,509,16559915008,0,0,52134,2866336,64,64,0,0.046956610679626476,3.7432076930999756,32.105082321167,0.05510386190330337,0.05510386190330337,-0.050606520847950504,0.10848380596602544,-0.0343983577159086,97.09789896803052,0.20806875914853756,0.00277294633407099,-0.07525554577984653
64,16,4,bursty,64,taps_admission_v4,0.19567912070189733,48.69524899130352,40.125790042150655,97.09789896803052,196.57733775988703,1380.2113403372318,130.404800061595,0.6348398932675863,0.1730816700997338,0.9886553570877892,190256496640.0,1.0,599,16559915008,0,0,33109,2885361,64,64,0,0.046956610679626476,3.7432076930999756,32.105082321167,0.05510386190330337,0.05510386190330337,-0.050606520847950504,0.10848380596602544,-0.0343983577159086,97.09789896803052,0.20806875914853756,0.00277294633407099,-0.07525554577984653
64,16,4,bursty,64,taps_domain_v4,0.20806875914853756,46.71891690602336,34.75766178496491,120.00679457421666,194.90820763272382,1253.301973349576,116.0246809861085,0.6753801845265045,0.18404052614213842,0.9855239217809332,169169272832.0,1.0,442,16559915008,0,0,42248,2876222,64,64,3,0.046956610679626476,3.7432076930999756,32.105082321167,0.05510386190330337,0.05510386190330337,-0.050606520847950504,0.10848380596602544,-0.0343983577159086,97.09789896803052,0.20806875914853756,0.00277294633407099,-0.07525554577984653
64,16,4,bursty,64,taps_unified,0.19241043111907893,47.10608487782264,39.92774370848148,96.82865170504112,199.5934858611353,1278.8157086651984,138.03783640294765,0.6240016629283528,0.17019045590170145,0.9898827125171751,169548087296.0,1.0,590,16559915008,0,0,29527,2888943,64,64,0,0.046956610679626476,3.7432076930999756,32.105082321167,0.05510386190330337,0.05510386190330337,-0.050606520847950504,0.10848380596602544,-0.0343983577159086,97.09789896803052,0.20806875914853756,0.00277294633407099,-0.07525554577984653
64,16,4,closed_loop,32,static_admission,0.09269058424867466,63.49819900165446,54.39666961586519,108.97386472217981,199.63819796900697,2149.7295479041886,459.066057435491,0.3651172400490793,0.08198647391062784,0.0,0.0,0.0,461,0,0,0,2918470,0,64,64,0,0.046956610679626476,3.7432076930999756,32.105082321167,-0.006572646431035451,-0.006572646431035451,-0.04823849617054702,0.014065047845174978,-0.0328439455605779,97.29148544820269,0.20533062587353829,-0.06526193134793909,-0.06301819675168915
64,16,4,closed_loop,32,reactive_admission,0.20214209055419718,49.68625369107236,41.08683363291175,102.96416861687806,197.6010071931624,1442.2615825820496,118.90060035966482,0.6568926250573721,0.17879828213185983,0.9806590439511114,195354378240.0,1.0,504,16559915008,0,0,56446,2862024,64,64,0,0.046956610679626476,3.7432076930999756,32.105082321167,-0.006572646431035451,-0.006572646431035451,-0.04823849617054702,0.014065047845174978,-0.0328439455605779,97.29148544820269,0.20533062587353829,-0.06526193134793909,-0.06301819675168915
64,16,4,closed_loop,32,acd_nisp,0.20214209055419718,49.68625369107236,41.08683363291175,102.96416861687806,197.6010071931624,1442.2615825820496,118.90060035966482,0.6568926250573721,0.17879828213185983,0.9806590439511114,195354378240.0,1.0,504,16559915008,0,0,56446,2862024,64,64,0,0.046956610679626476,3.7432076930999756,32.105082321167,-0.006572646431035451,-0.006572646431035451,-0.04823849617054702,0.014065047845174978,-0.0328439455605779,97.29148544820269,0.20533062587353829,-0.06526193134793909,-0.06301819675168915
64,16,4,closed_loop,32,taps_admission_v4,0.19517055889905802,50.75739656245849,41.3495713452064,97.29148544820269,202.82810049152118,1511.9807138410952,132.34704562042236,0.6333486013381464,0.172631838120376,0.9875092085921733,193208451072.0,1.0,582,16559915008,0,0,36454,2882016,64,64,0,0.046956610679626476,3.7432076930999756,32.105082321167,-0.006572646431035451,-0.006572646431035451,-0.04823849617054702,0.014065047845174978,-0.0328439455605779,97.29148544820269,0.20533062587353829,-0.06526193134793909,-0.06301819675168915
64,16,4,closed_loop,32,taps_domain_v4,0.20533062587353829,47.02097329204553,37.56442027478029,120.77638130049608,193.12342653918128,1272.630265800458,119.74155911734033,0.6664950086514808,0.18161859845515452,0.9860437146861197,187840651264.0,1.0,439,16559915008,0,0,40731,2877739,64,64,3,0.046956610679626476,3.7432076930999756,32.105082321167,-0.006572646431035451,-0.006572646431035451,-0.04823849617054702,0.014065047845174978,-0.0328439455605779,97.29148544820269,0.20533062587353829,-0.06526193134793909,-0.06301819675168915
64,16,4,closed_loop,32,taps_unified,0.19239106009309218,49.34524970767246,41.00223133983409,103.64091569226231,201.53599785053322,1421.9761044177753,137.96403493244352,0.6240486794967942,0.1701733218839418,0.9891929675480645,175421718528.0,1.0,569,16559915008,0,0,31540,2886930,64,64,0,0.046956610679626476,3.7432076930999756,32.105082321167,-0.006572646431035451,-0.006572646431035451,-0.04823849617054702,0.014065047845174978,-0.0328439455605779,97.29148544820269,0.20533062587353829,-0.06526193134793909,-0.06301819675168915
64,16,4,poisson,32,static_admission,0.09265858986239499,62.23809915525018,53.49630614520302,109.91064918807244,200.01076754781502,2069.0831577343147,461.64626809361135,0.36499121104505267,0.0819581743056866,0.0,0.0,0.0,578,0,0,0,2918470,0,64,64,0,0.046956610679626476,3.7432076930999756,32.105082321167,0.03052950757338707,0.03052950757338707,0.005936761738296334,0.11849221536159747,0.003266822693936744,97.18998818413257,0.19713043754003004,-0.018380817083114256,-0.004201104784782188
64,16,4,poisson,32,reactive_admission,0.1951437499673804,48.95639576499014,39.68581715924242,102.09327705427556,198.1132002942693,1396.4996621296602,128.29516966425717,0.6334270189213798,0.17260812514245705,0.9861955065496647,192125050880.0,1.0,570,16559915008,0,0,40288,2878182,64,64,0,0.046956610679626476,3.7432076930999756,32.105082321167,0.03052950757338707,0.03052950757338707,0.005936761738296334,0.11849221536159747,0.003266822693936744,97.18998818413257,0.19713043754003004,-0.018380817083114256,-0.004201104784782188
64,16,4,poisson,32,acd_nisp,0.1951437499673804,48.95639576499014,39.68581715924242,102.09327705427556,198.1132002942693,1396.4996621296602,128.29516966425717,0.6334270189213798,0.17260812514245705,0.9861955065496647,192125050880.0,1.0,570,16559915008,0,0,40288,2878182,64,64,0,0.046956610679626476,3.7432076930999756,32.105082321167,0.03052950757338707,0.03052950757338707,0.005936761738296334,0.11849221536159747,0.003266822693936744,97.18998818413257,0.19713043754003004,-0.018380817083114256,-0.004201104784782188
64,16,4,poisson,32,taps_admission_v4,0.1938100779128885,46.570402509917024,37.07089358079182,99.0995010344808,193.4576427908455,1244.2839174859887,136.64768434298946,0.6287286680221305,0.1714284684385187,0.9893451020568996,201063145472.0,1.0,601,16559915008,0,0,31096,2887374,64,64,0,0.046956610679626476,3.7432076930999756,32.105082321167,0.03052950757338707,0.03052950757338707,0.005936761738296334,0.11849221536159747,0.003266822693936744,97.18998818413257,0.19713043754003004,-0.018380817083114256,-0.004201104784782188
64,16,4,poisson,32,taps_domain_v4,0.19713043754003004,47.02519813017056,34.78969894545067,97.18998818413257,188.9839081743246,1273.3520660132447,125.50191997682207,0.639529920371666,0.17436538571173582,0.9887492418972955,188707520512.0,1.0,509,16559915008,0,0,32835,2885635,64,64,0,0.046956610679626476,3.7432076930999756,32.105082321167,0.03052950757338707,0.03052950757338707,0.005936761738296334,0.11849221536159747,0.003266822693936744,97.18998818413257,0.19713043754003004,-0.018380817083114256,-0.004201104784782188
64,16,4,poisson,32,taps_unified,0.1963022719156544,46.36079958152448,39.15131698057345,98.97641957925515,201.92744673612117,1231.0253234121944,130.9421938272408,0.6366938416153165,0.17363285845552198,0.9898827125171751,187973345280.0,1.0,581,16559915008,0,0,29527,2888943,64,64,0,0.046956610679626476,3.7432076930999756,32.105082321167,0.03052950757338707,0.03052950757338707,0.005936761738296334,0.11849221536159747,0.003266822693936744,97.18998818413257,0.19713043754003004,-0.018380817083114256,-0.004201104784782188
64,16,8,bursty,32,static_admission,0.0954720851622612,49.886767118219936,39.11689601888735,96.04539664180459,196.8248362532184,825.3067835409312,520.7834251800531,0.2725616261849234,0.08444676104693864,0.0,0.0,0.0,498,0,0,0,2918470,0,64,64,0,0.046956610679626476,3.7432076930999756,32.105082321167,0.044446330598106064,0.044446330598106064,-0.03645102790738276,-0.09901689883341033,-0.019051015166385632,86.21052034444759,0.21157333905456294,-0.015589688929802075,-0.037892923255507104
64,16,8,bursty,32,reactive_admission,0.21125673178061466,40.729115583431906,31.407182455705136,91.62699944828485,194.13121837534362,494.5121312792879,167.09318177692273,0.49777574308881756,0.18686034475851818,0.9825168667144086,481910030336.0,1.0,529,16559915008,0,0,51024,2867446,64,64,0,0.046956610679626476,3.7432076930999756,32.105082321167,0.044446330598106064,0.044446330598106064,-0.03645102790738276,-0.09901689883341033,-0.019051015166385632,86.21052034444759,0.21157333905456294,-0.015589688929802075,-0.037892923255507104
64,16,8,bursty,32,acd_nisp,0.21125673178061466,40.729115583431906,31.407182455705136,91.62699944828485,194.13121837534362,494.5121312792879,167.09318177692273,0.49777574308881756,0.18686034475851818,0.9825168667144086,481910030336.0,1.0,529,16559915008,0,0,51024,2867446,64,64,0,0.046956610679626476,3.7432076930999756,32.105082321167,0.044446330598106064,0.044446330598106064,-0.03645102790738276,-0.09901689883341033,-0.019051015166385632,86.21052034444759,0.21157333905456294,-0.015589688929802075,-0.037892923255507104
64,16,8,bursty,32,taps_admission_v4,0.20985955945609175,41.48461866930408,32.09839359691729,90.88032878391734,193.80679356754743,544.3819255768019,175.7542074360656,0.4938616065771719,0.1856245209338912,0.9880886217778494,450634956800.0,1.0,589,16559915008,0,0,34763,2883707,64,64,0,0.046956610679626476,3.7432076930999756,32.105082321167,0.044446330598106064,0.044446330598106064,-0.03645102790738276,-0.09901689883341033,-0.019051015166385632,86.21052034444759,0.21157333905456294,-0.015589688929802075,-0.037892923255507104
64,16,8,bursty,32,taps_domain_v4,0.21157333905456294,40.547389424643924,29.38018056071239,86.21052034444759,196.53939457786973,483.3455895788383,168.30018612571143,0.49833004164874534,0.18714038953562165,0.9831963323248141,422470049792.0,1.0,524,16559915008,0,0,49041,2869429,64,64,0,0.046956610679626476,3.7432076930999756,32.105082321167,0.044446330598106064,0.044446330598106064,-0.03645102790738276,-0.09901689883341033,-0.019051015166385632,86.21052034444759,0.21157333905456294,-0.015589688929802075,-0.037892923255507104
64,16,8,bursty,32,taps_unified,0.203556206754857,41.45856503375427,32.98346853952637,87.5545155390939,205.87089384540087,543.4771889540633,184.0989854988031,0.4787247279224319,0.1800490931169427,0.9891929675480645,352043991040.0,1.0,594,16559915008,0,0,31540,2886930,64,64,0,0.046956610679626476,3.7432076930999756,32.105082321167,0.044446330598106064,0.044446330598106064,-0.03645102790738276,-0.09901689883341033,-0.019051015166385632,86.21052034444759,0.21157333905456294,-0.015589688929802075,-0.037892923255507104
64,16,16,bursty,32,static_admission,0.09056634936038292,50.251236246654884,39.85697969605718,96.9073210684878,208.36630336667963,0.0,683.1596504559795,0.2043343883176234,0.08010755028898212,0.0,0.0,0.0,514,0,0,0,2918470,0,64,64,0,0.046956610679626476,3.7432076930999756,32.105082321167,0.002149589692353074,0.002149589692353074,-0.004859179130807637,0.0,-0.003035628668040302,90.12612581326869,0.2113869948460617,0.00017152004460983065,-0.005027859250387553
64,16,16,bursty,32,reactive_admission,0.21135116395376935,43.971020619509886,33.87980854670309,90.3047856124714,203.97919338624308,0.0,298.2840629196165,0.3938890275616792,0.18694387169885895,0.9785976898854537,774931791872.0,1.0,528,16559915008,0,0,62462,2856008,64,64,0,0.046956610679626476,3.7432076930999756,32.105082321167,0.002149589692353074,0.002149589692353074,-0.004859179130807637,0.0,-0.003035628668040302,90.12612581326869,0.2113869948460617,0.00017152004460983065,-0.005027859250387553
64,16,16,bursty,32,acd_nisp,0.21135116395376935,43.971020619509886,33.87980854670309,90.3047856124714,203.97919338624308,0.0,298.2840629196165,0.3938890275616792,0.18694387169885895,0.9785976898854537,774931791872.0,1.0,528,16559915008,0,0,62462,2856008,64,64,0,0.046956610679626476,3.7432076930999756,32.105082321167,0.002149589692353074,0.002149589692353074,-0.004859179130807637,0.0,-0.003035628668040302,90.12612581326869,0.2113869948460617,0.00017152004460983065,-0.005027859250387553
64,16,16,bursty,32,taps_admission_v4,0.21028486884785597,43.93212311537524,33.768615594857145,90.12612581326869,204.05846314481704,0.0,301.77405235335306,0.39139058204854543,0.18600071467173898,0.9852799583343327,793203654656.0,1.0,614,16559915008,0,0,42960,2875510,64,64,0,0.046956610679626476,3.7432076930999756,32.105082321167,0.002149589692353074,0.002149589692353074,-0.004859179130807637,0.0,-0.003035628668040302,90.12612581326869,0.2113869948460617,0.00017152004460983065,-0.005027859250387553
64,16,16,bursty,32,taps_domain_v4,0.2113869948460617,43.93032434430989,33.83452915086308,90.29319887019942,203.95052037698866,0.0,298.2488555620046,0.39341813809802717,0.18697556476175142,0.9785976898854537,254019469312.0,1.0,539,16559915008,0,0,62462,2856008,64,64,0,0.046956610679626476,3.7432076930999756,32.105082321167,0.002149589692353074,0.002149589692353074,-0.004859179130807637,0.0,-0.003035628668040302,90.12612581326869,0.2113869948460617,0.00017152004460983065,-0.005027859250387553
64,16,16,bursty,32,taps_unified,0.2103241707886133,43.88569318833524,33.71657233085713,90.11066737614868,204.02002793887786,0.0,301.7287515230162,0.3908533988936389,0.18603547793886768,0.9852799583343327,198900588544.0,1.0,614,16559915008,0,0,42960,2875510,64,64,0,0.046956610679626476,3.7432076930999756,32.105082321167,0.002149589692353074,0.002149589692353074,-0.004859179130807637,0.0,-0.003035628668040302,90.12612581326869,0.2113869948460617,0.00017152004460983065,-0.005027859250387553
64,32,4,bursty,32,static_admission,0.13167565320268207,115.08096701505757,109.17173169427976,159.9911672411203,227.20700495507123,5451.026700761991,247.62327099193385,0.5186832240698757,0.05823473114056312,0.0,0.0,0.0,492,0,0,0,2918470,0,64,64,0,0.046956610679626476,3.7432076930999756,32.105082321167,0.07547912429581807,0.07547912429581807,0.03740428052245474,0.1455022344845026,0.02376812970358355,136.5391052499533,0.21143573626208165,0.06787765380622487,0.030239960211450683
64,32,4,bursty,32,reactive_admission,0.2099755597733056,84.61283825834619,84.90655096143108,137.66173861227998,232.4346614846574,3676.7913024130985,100.42868275381676,0.6829816748625436,0.09286356264104428,0.9761268746980438,196257202176.0,1.0,503,16559915008,0,0,69673,2848797,64,64,0,0.046956610679626476,3.7432076930999756,32.105082321167,0.07547912429581807,0.07547912429581807,0.03740428052245474,0.1455022344845026,0.02376812970358355,136.5391052499533,0.21143573626208165,0.06787765380622487,0.030239960211450683
64,32,4,bursty,32,acd_nisp,0.2099755597733056,84.61283825834619,84.90655096143108,137.66173861227998,232.4346614846574,3676.7913024130985,100.42868275381676,0.6829816748625436,0.09286356264104428,0.9761268746980438,196257202176.0,1.0,503,16559915008,0,0,69673,2848797,64,64,0,0.046956610679626476,3.7432076930999756,32.105082321167,0.07547912429581807,0.07547912429581807,0.03740428052245474,0.1455022344845026,0.02376812970358355,136.5391052499533,0.21143573626208165,0.06787765380622487,0.030239960211450683
64,32,4,bursty,32,taps_admission_v4,0.21143573626208165,81.88004855352925,79.58139842238182,138.3576546448373,230.9588794330859,3503.4630299439173,101.25818007878001,0.686434232795703,0.09350933870650084,0.985432435488458,196777771008.0,1.0,596,16559915008,0,0,42515,2875955,64,64,0,0.046956610679626476,3.7432076930999756,32.105082321167,0.07547912429581807,0.07547912429581807,0.03740428052245474,0.1455022344845026,0.02376812970358355,136.5391052499533,0.21143573626208165,0.06787765380622487,0.030239960211450683
64,32,4,bursty,32,taps_domain_v4,0.20647972187007396,71.85585337988053,57.36545373176826,136.5391052499533,229.51988921570947,2862.2849955740235,116.50168653891254,0.6700455457426685,0.09131749717294801,0.9868698324807177,170945216512.0,1.0,464,16559915008,0,0,38320,2880150,64,64,7,0.046956610679626476,3.7432076930999756,32.105082321167,0.07547912429581807,0.07547912429581807,0.03740428052245474,0.1455022344845026,0.02376812970358355,136.5391052499533,0.21143573626208165,0.06787765380622487,0.030239960211450683
64,32,4,bursty,32,taps_unified,0.21782954451392578,76.22109961483238,75.69629669950484,127.27115113278528,221.53484061854158,3141.809952178808,93.63799155784702,0.7067498045661271,0.09633705738838444,0.9876654548444904,168146829312.0,1.0,532,16559915008,0,0,35998,2882472,64,64,2,0.046956610679626476,3.7432076930999756,32.105082321167,0.07547912429581807,0.07547912429581807,0.03740428052245474,0.1455022344845026,0.02376812970358355,136.5391052499533,0.21143573626208165,0.06787765380622487,0.030239960211450683
128,16,4,bursty,32,static_admission,0.08810135026378128,63.6967781177238,54.70673304072524,112.84081816599746,270.3365816113935,4192.538217256844,997.3736634408723,0.3461970102615698,0.08383090293218126,0.0,0.0,0.0,969,0,0,0,5707187,0,128,128,0,0.046956610679626476,3.7432076930999756,32.105082321167,0.05172010984076087,0.05172010984076087,0.282915151512866,0.09566712957686171,0.19171945412209812,97.20291425826073,0.2705117405709551,0.0006821488674434044,-0.008441685861399558
128,16,4,bursty,32,reactive_admission,0.2090770890958214,49.740780272816124,39.40243678508904,102.43453268219753,273.0379911045852,2753.136426237723,203.21569492070572,0.6798901392140488,0.19894270756188673,0.9908643259805575,390521585664.0,1.0,1057,16559915008,0,0,52139,5655048,128,128,0,0.046956610679626476,3.7432076930999756,32.105082321167,0.05172010984076087,0.05172010984076087,0.282915151512866,0.09566712957686171,0.19171945412209812,97.20291425826073,0.2705117405709551,0.0006821488674434044,-0.008441685861399558
128,16,4,bursty,32,acd_nisp,0.2090770890958214,49.740780272816124,39.40243678508904,102.43453268219753,273.0379911045852,2753.136426237723,203.21569492070572,0.6798901392140488,0.19894270756188673,0.9908643259805575,390521585664.0,1.0,1057,16559915008,0,0,52139,5655048,128,128,0,0.046956610679626476,3.7432076930999756,32.105082321167,0.05172010984076087,0.05172010984076087,0.282915151512866,0.09566712957686171,0.19171945412209812,97.20291425826073,0.2705117405709551,0.0006821488674434044,-0.008441685861399558
128,16,4,bursty,32,taps_admission_v4,0.2705117405709551,48.49309324065902,37.582528818806445,97.20291425826073,272.92139111128256,2594.6839860303767,63.510440119820544,0.879006013905132,0.257399499530052,0.9944578651444222,376950669312.0,1.0,1225,16559915008,0,0,31630,5675557,128,128,0,0.046956610679626476,3.7432076930999756,32.105082321167,0.05172010984076087,0.05172010984076087,0.282915151512866,0.09566712957686171,0.19171945412209812,97.20291425826073,0.2705117405709551,0.0006821488674434044,-0.008441685861399558
128,16,4,bursty,32,taps_domain_v4,0.2152188962796281,48.972838775925794,31.35792282737843,162.85152976956317,305.144608219502,2655.5586154711586,189.76430385373672,0.699560351893873,0.20478680915978897,0.9925965278516369,360503205888.0,1.0,918,16559915008,0,0,42253,5664934,128,128,4,0.046956610679626476,3.7432076930999756,32.105082321167,0.05172010984076087,0.05172010984076087,0.282915151512866,0.09566712957686171,0.19171945412209812,97.20291425826073,0.2705117405709551,0.0006821488674434044,-0.008441685861399558
128,16,4,bursty,32,taps_unified,0.2682281654352347,47.673666276011524,38.24950423222249,97.13660740038726,273.9304213152681,2489.7517670060606,67.36869095853376,0.871609593336147,0.255226613814138,0.9944578651444222,386064179200.0,1.0,1210,16559915008,0,0,31630,5675557,128,128,0,0.046956610679626476,3.7432076930999756,32.105082321167,0.05172010984076087,0.05172010984076087,0.282915151512866,0.09566712957686171,0.19171945412209812,97.20291425826073,0.2705117405709551,0.0006821488674434044,-0.008441685861399558
128,32,8,poisson,32,static_admission,0.12347589052941046,86.84524517280008,77.44515552656816,133.9806422134658,284.19792766071566,6251.161397949125,710.4939836017761,0.3516531394650491,0.05874538450570723,0.0,0.0,0.0,1173,0,0,0,5707187,0,128,128,0,0.046956610679626476,3.7432076930999756,32.105082321167,0.01449178628953014,0.01449178628953014,0.2263076997409624,0.13989212970263976,0.13618668920554744,119.32316811804048,0.30426628249940835,0.01449178628953014,0.0345390601906679
128,32,8,poisson,32,reactive_admission,0.2566854583161611,68.08026316732632,58.1185338046579,119.32316811804048,284.1173321382763,4349.712237092235,206.5509667644356,0.6055751592256075,0.1221217023109051,0.9889684708070718,876270108672.0,1.0,1184,16559915008,0,0,62959,5644228,128,128,0,0.046956610679626476,3.7432076930999756,32.105082321167,0.01449178628953014,0.01449178628953014,0.2263076997409624,0.13989212970263976,0.13618668920554744,119.32316811804048,0.30426628249940835,0.01449178628953014,0.0345390601906679
128,32,8,poisson,32,acd_nisp,0.2566854583161611,68.08026316732632,58.1185338046579,119.32316811804048,284.1173321382763,4349.712237092235,206.5509667644356,0.6055751592256075,0.1221217023109051,0.9889684708070718,876270108672.0,1.0,1184,16559915008,0,0,62959,5644228,128,128,0,0.046956610679626476,3.7432076930999756,32.105082321167,0.01449178628953014,0.01449178628953014,0.2263076997409624,0.13989212970263976,0.13618668920554744,119.32316811804048,0.30426628249940835,0.01449178628953014,0.0345390601906679
128,32,8,poisson,32,taps_admission_v4,0.30426628249940835,65.4206401824603,54.704621397527276,121.26803975052457,284.7560375365267,4011.6723544107126,132.95403977196395,0.7171176582409601,0.14475894590363317,0.9938085084648531,861108011008.0,1.0,1214,16559915008,0,0,35336,5671851,128,128,0,0.046956610679626476,3.7432076930999756,32.105082321167,0.01449178628953014,0.01449178628953014,0.2263076997409624,0.13989212970263976,0.13618668920554744,119.32316811804048,0.30426628249940835,0.01449178628953014,0.0345390601906679
128,32,8,poisson,32,taps_domain_v4,0.27350087910766085,64.13287365259717,36.52165872984679,221.9255919731502,268.73266686950217,3846.041436131666,183.98703522082008,0.6448202602113043,0.13012187429416888,0.9919883473241722,846951555072.0,1.0,1105,16559915008,0,0,45724,5661463,128,128,8,0.046956610679626476,3.7432076930999756,32.105082321167,0.01449178628953014,0.01449178628953014,0.2263076997409624,0.13989212970263976,0.13618668920554744,119.32316811804048,0.30426628249940835,0.01449178628953014,0.0345390601906679
128,32,8,poisson,32,taps_unified,0.3147753539446462,63.30458356299612,53.67607369574961,117.59396226628417,285.1547103162367,3741.221728651769,120.337842747344,0.7417618484311549,0.14975878384933658,0.994105151977673,808549310464.0,1.0,1192,16559915008,0,0,33643,5673544,128,128,0,0.046956610679626476,3.7432076930999756,32.105082321167,0.01449178628953014,0.01449178628953014,0.2263076997409624,0.13989212970263976,0.13618668920554744,119.32316811804048,0.30426628249940835,0.01449178628953014,0.0345390601906679
128,32,16,bursty,64,static_admission,0.12306386869255584,73.31682605371995,61.703293558493215,119.211822449813,286.0267358609969,2826.379964017735,804.8921070005779,0.2769804980082923,0.0585493593454351,0.0,0.0,0.0,1082,0,0,0,5707187,0,128,128,0,0.046956610679626476,3.7432076930999756,32.105082321167,0.04252511285803548,0.04252511285803548,0.1976153744414191,0.07751439739401216,0.10101269674568036,112.55427559792304,0.33497107620549527,0.04252511285803548,-0.012424026194002808
128,32,16,bursty,64,reactive_admission,0.27622339679363084,62.052276560678365,51.46367899261169,112.55427559792304,284.20210450493835,2172.9852995367582,240.191590128936,0.515353110454063,0.13141715021888703,0.9870491364660033,1607713357824.0,1.0,1172,16559915008,0,0,73913,5633274,128,128,0,0.046956610679626476,3.7432076930999756,32.105082321167,0.04252511285803548,0.04252511285803548,0.1976153744414191,0.07751439739401216,0.10101269674568036,112.55427559792304,0.33497107620549527,0.04252511285803548,-0.012424026194002808
128,32,16,bursty,64,acd_nisp,0.27622339679363084,62.052276560678365,51.46367899261169,112.55427559792304,284.20210450493835,2172.9852995367582,240.191590128936,0.515353110454063,0.13141715021888703,0.9870491364660033,1607713357824.0,1.0,1172,16559915008,0,0,73913,5633274,128,128,0,0.046956610679626476,3.7432076930999756,32.105082321167,0.04252511285803548,0.04252511285803548,0.1976153744414191,0.07751439739401216,0.10101269674568036,112.55427559792304,0.33497107620549527,0.04252511285803548,-0.012424026194002808
128,32,16,bursty,64,taps_admission_v4,0.33497107620549527,60.73906908143146,49.34147227489027,117.10966759953453,283.5108242511362,2008.3915021829482,162.86402230716422,0.6243873889002205,0.15936718160615587,0.991717110373289,1614163984384.0,1.0,1218,16559915008,0,0,47272,5659915,128,128,0,0.046956610679626476,3.7432076930999756,32.105082321167,0.04252511285803548,0.04252511285803548,0.1976153744414191,0.07751439739401216,0.10101269674568036,112.55427559792304,0.33497107620549527,0.04252511285803548,-0.012424026194002808
128,32,16,bursty,64,taps_domain_v4,0.28328741299128307,60.87959315019426,42.78351719776674,182.97444120763518,275.2770034317707,2025.1974555715597,235.97727746769078,0.5282122178360256,0.13477795487400124,0.9888104244700585,1411010994176.0,1.0,1105,16559915008,0,0,63861,5643326,128,128,8,0.046956610679626476,3.7432076930999756,32.105082321167,0.04252511285803548,0.04252511285803548,0.1976153744414191,0.07751439739401216,0.10101269674568036,112.55427559792304,0.33497107620549527,0.04252511285803548,-0.012424026194002808
128,32,16,bursty,64,taps_unified,0.3308093867804849,60.69626179811913,52.11800850347066,107.76789232546693,290.7079477041533,2004.5476534971194,167.69539278131387,0.6163658071997433,0.1573871995674163,0.9928378025812016,1456216702976.0,1.0,1202,16559915008,0,0,40876,5666311,128,128,0,0.046956610679626476,3.7432076930999756,32.105082321167,0.04252511285803548,0.04252511285803548,0.1976153744414191,0.07751439739401216,0.10101269674568036,112.55427559792304,0.33497107620549527,0.04252511285803548,-0.012424026194002808
