total_sessions,active_session_limit,effective_regions,policy,throughput,mean_jct,p95_jct,p99_jct,region_utilization,ready_queue_empty_time,blocked_session_fraction,completed_sessions,admission_count,eviction_count,admission_throughput_gain,admission_p95_jct_gain,admission_region_util_gain
16,4,1,static_admission,0.06254428328277241,44.84292815791452,107.37740244089362,130.91921765741805,0.5977190935398612,102.91099626582715,0.11540896163316172,16,16,0,0.5586314233549952,0.13609282382295512,0.17075343521639297
16,4,1,reactive_admission,0.11921889001300713,31.765359132526907,105.18175089347909,128.40188594742744,0.9398150017375709,8.077243229607376,0.11125728475733494,16,16,0,0.5586314233549952,0.13609282382295512,0.17075343521639297
16,4,1,taps_admission,0.09748348527574559,35.46348791622225,92.76410852793853,124.44033096553582,0.7684725287562542,38.000688315784075,0.1036188866340613,16,16,0,0.5586314233549952,0.13609282382295512,0.17075343521639297
16,4,2,static_admission,0.07836985975631611,29.129625334142144,91.15076883239752,118.24093055367823,0.3744799610430109,139.57165263583485,0.17978234487911368,16,16,0,0.4583634637140355,0.050579490236763044,0.07600692040862778
16,4,2,reactive_admission,0.12798418981731316,24.273282404641204,91.8372180899039,118.37979684903955,0.5044563892618725,84.71629118769548,0.1146952400976294,16,16,0,0.4583634637140355,0.050579490236763044,0.07600692040862778
16,4,2,taps_admission,0.11429174012500436,25.611506814353632,86.54040941016582,117.33896435179864,0.4504868814516387,90.73743007287071,0.15120865045835097,16,16,0,0.4583634637140355,0.050579490236763044,0.07600692040862778
16,4,4,static_admission,0.08412175615004762,24.56442936315564,87.03031261142796,116.73540647690382,0.20098231682366027,176.65846297092597,0.1858335674849493,16,16,0,0.4538864657538021,0.012438283281773854,0.04005047553235666
16,4,4,reactive_admission,0.13043316797068993,22.890799903634974,85.94780492906568,115.3241091160581,0.25705458247773627,120.41955618736564,0.1176944779782259,16,16,0,0.4538864657538021,0.012438283281773854,0.04005047553235666
16,4,4,taps_admission,0.1223034827419959,22.890799903634974,85.94780492906568,115.3241091160581,0.24103279235601693,123.98357688805456,0.1520363763190001,16,16,0,0.4538864657538021,0.012438283281773854,0.04005047553235666
16,4,8,static_admission,0.08412175615004762,24.56442936315564,87.03031261142796,116.73540647690382,0.10049115841183014,190.20049904166132,0.1858335674849493,16,16,0,0.4538864657538021,0.012438283281773854,0.02002523776617833
16,4,8,reactive_admission,0.13043316797068993,22.890799903634974,85.94780492906568,115.3241091160581,0.12852729123886814,122.66818516280622,0.1176944779782259,16,16,0,0.4538864657538021,0.012438283281773854,0.02002523776617833
16,4,8,taps_admission,0.1223034827419959,22.890799903634974,85.94780492906568,115.3241091160581,0.12051639617800847,130.8221126764856,0.1520363763190001,16,16,0,0.4538864657538021,0.012438283281773854,0.02002523776617833
16,4,16,static_admission,0.08412175615004762,24.56442936315564,87.03031261142796,116.73540647690382,0.05024557920591507,190.20049904166132,0.1858335674849493,16,16,0,0.4538864657538021,0.012438283281773854,0.010012618883089165
16,4,16,reactive_admission,0.13043316797068993,22.890799903634974,85.94780492906568,115.3241091160581,0.06426364561943407,122.66818516280622,0.1176944779782259,16,16,0,0.4538864657538021,0.012438283281773854,0.010012618883089165
16,4,16,taps_admission,0.1223034827419959,22.890799903634974,85.94780492906568,115.3241091160581,0.06025819808900423,130.8221126764856,0.1520363763190001,16,16,0,0.4538864657538021,0.012438283281773854,0.010012618883089165
16,8,1,static_admission,0.07013125325434147,76.37795527465283,136.65811121886347,151.6178576327514,0.6702257492419902,75.23590079008787,0.04086270104753633,16,16,0,0.42619406259881804,0.18311038698033424,0.11824851598654884
16,8,1,reactive_admission,0.105217925521495,54.984207590753996,129.87351289907562,147.62697748030328,0.8294439316287775,25.935667144303054,0.04967925901825585,16,16,0,0.42619406259881804,0.18311038698033424,0.11824851598654884
16,8,1,taps_admission,0.10002077699395584,56.99198132489553,111.63459158957582,146.15085043187295,0.788474265228539,33.83708723386437,0.045084041767270135,16,16,0,0.42619406259881804,0.18311038698033424,0.11824851598654884
16,8,2,static_admission,0.08842998844217798,44.22021395834792,106.01325154336182,130.25714992877883,0.42255094917650204,111.6402766084592,0.061977711746455354,16,16,0,0.3491156995557384,0.08580007715511953,0.04768526023606534
16,8,2,reactive_admission,0.12112486791577545,35.317529485792576,102.94930655037228,126.26593113993397,0.477420012626807,74.6358472054901,0.054841820478517864,16,16,0,0.3491156995557384,0.08580007715511953,0.04768526023606534
16,8,2,taps_admission,0.1193022857188748,37.45356194348644,96.91730638147628,126.67394546837566,0.4702362094125674,78.17404244555703,0.07560601703779024,16,16,0,0.3491156995557384,0.08580007715511953,0.04768526023606534
16,8,4,static_admission,0.10161985048939466,28.70008016837481,90.53231896967588,118.63864450346935,0.24278847614881788,125.98952754043398,0.07354485487746186,16,16,0,0.25495986122365943,0.015449676982201514,0.00854231302812769
16,8,4,reactive_admission,0.12842001500776876,25.205311428523906,88.95540011754505,117.46401651417726,0.25308710854147637,100.3745327313545,0.08920821398814759,16,16,0,0.25495986122365943,0.015449676982201514,0.00854231302812769
16,8,4,taps_admission,0.12752883346773974,26.26638488689921,89.13362388514476,118.19618360406308,0.25133078917694557,99.66988076475248,0.06369205052002229,16,16,0,0.25495986122365943,0.015449676982201514,0.00854231302812769
16,8,8,static_admission,0.10618281411144784,24.564429363155647,87.03031261142796,116.73540647690382,0.12684511690952588,147.96434044756487,0.07364026923377094,16,16,0,0.22838303978070595,0.012438283281773854,0.0016821743293422842
16,8,8,reactive_admission,0.13043316797068993,22.890799903634974,85.94780492906568,115.3241091160581,0.12852729123886814,121.51819903609241,0.09022809590446089,16,16,0,0.22838303978070595,0.012438283281773854,0.0016821743293422842
16,8,8,taps_admission,0.13043316797068993,22.890799903634978,85.94780492906568,115.3241091160581,0.12852729123886816,120.90880661626754,0.06165032763317112,16,16,0,0.22838303978070595,0.012438283281773854,0.0016821743293422842
16,8,16,static_admission,0.10618281411144784,24.564429363155647,87.03031261142796,116.73540647690382,0.06342255845476294,150.6835181746704,0.07364026923377094,16,16,0,0.22838303978070595,0.012438283281773854,0.0008410871646711421
16,8,16,reactive_admission,0.13043316797068993,22.890799903634974,85.94780492906568,115.3241091160581,0.06426364561943407,122.66818516280622,0.09022809590446089,16,16,0,0.22838303978070595,0.012438283281773854,0.0008410871646711421
16,8,16,taps_admission,0.13043316797068993,22.890799903634978,85.94780492906568,115.3241091160581,0.06426364561943408,122.66818516280622,0.06165032763317112,16,16,0,0.22838303978070595,0.012438283281773854,0.0008410871646711421
16,16,1,static_admission,0.0844529982646227,141.31623529160822,185.940171172524,188.75162893238436,0.8070948601525991,36.54674553871155,0.031077712726464205,16,16,0,0.023562952068501605,0.05738015442715243,-0.125655947279108
16,16,1,reactive_admission,0.08899482204381827,120.61831832894542,170.24685857540206,177.87796427856327,0.7015555070561439,53.65606422304644,0.02962969206676489,16,16,0,0.023562952068501605,0.05738015442715243,-0.125655947279108
16,16,1,taps_admission,0.08644296021477325,121.53196306659329,175.27089543643342,183.12870092454855,0.6814389128734911,58.9634758152702,0.02849608480742445,16,16,0,0.023562952068501605,0.05738015442715243,-0.125655947279108
16,16,2,static_admission,0.10360062403998001,76.77991416363993,131.1089236273145,149.77316405943694,0.49504181550352466,82.822611157827,0.026910031087901604,16,16,0,0.02585474378309983,0.04340986365585008,-0.07613681372149467
16,16,2,reactive_admission,0.10760357462608372,66.14348296116663,122.82622513761791,143.52040097359014,0.42412512674437913,90.1378811483867,0.025663312441872494,16,16,0,0.02585474378309983,0.04340986365585008,-0.07613681372149467
16,16,2,taps_admission,0.10627919163030294,66.80426177962784,125.41750312858753,145.52099928985288,0.41890500178203,92.3334283516632,0.026081270488344806,16,16,0,0.02585474378309983,0.04340986365585008,-0.07613681372149467
16,16,4,static_admission,0.11876324254736811,44.4188331405666,103.63915961900213,128.50528667706538,0.2837471866146584,100.24684829068472,0.04141137978052005,16,16,0,0.022303892260946562,0.02894800595624493,-0.04447106065372661
16,16,4,reactive_admission,0.12123980038840969,39.221457520947986,99.17195168545629,125.41028174398322,0.23893651249450584,103.43777591874353,0.0437663701525817,16,16,0,0.022303892260946562,0.02894800595624493,-0.04447106065372661
16,16,4,taps_admission,0.12141212511370528,39.51931127049962,100.63901260905104,125.55384615635248,0.2392761259609318,103.05604552128807,0.04502775403410022,16,16,0,0.022303892260946562,0.02894800595624493,-0.04447106065372661
16,16,8,static_admission,0.12779478439546835,28.535259395845276,90.08624899211124,118.1778319422886,0.15266259895934686,110.32034048430198,0.04510823096217019,16,16,0,0.01550073923698133,0.02026961991263176,-0.024783170780192265
16,16,8,reactive_admission,0.129692627537986,26.153457889855282,87.9736323772888,116.28961949280352,0.12779757151075657,111.52519411522124,0.0456752636319038,16,16,0,0.01550073923698133,0.02026961991263176,-0.024783170780192265
16,16,8,taps_admission,0.12977569802422875,26.192456206520387,88.26023496568644,116.28376460185532,0.1278794281791546,111.35425189435874,0.045817347125414395,16,16,0,0.01550073923698133,0.02026961991263176,-0.024783170780192265
16,16,16,static_admission,0.12886423578764483,24.564429363155647,87.03031261142796,116.73540647690382,0.07697007840074865,123.47610096463701,0.044314762722305966,16,16,0,0.012175078472746641,0.012438283281773854,-0.012706432781314586
16,16,16,reactive_admission,0.13043316797068993,22.890799903634978,85.94780492906568,115.3241091160581,0.06426364561943407,122.03617020172535,0.04478071335273206,16,16,0,0.012175078472746641,0.012438283281773854,-0.012706432781314586
16,16,16,taps_admission,0.13043316797068993,22.890799903634978,85.94780492906568,115.3241091160581,0.06426364561943407,122.03617020172535,0.04478071335273206,16,16,0,0.012175078472746641,0.012438283281773854,-0.012706432781314586
32,4,1,static_admission,0.048310741896312216,49.44408075474523,115.22467417973508,226.77071723084129,0.4769814311367384,346.4362902881017,0.14686535966482492,32,32,0,0.3512692785982541,0.05802125177927588,0.06664566514196957
32,4,1,reactive_admission,0.07005241482116624,38.34306294889823,114.66158470031293,221.10461709963965,0.5833626181250449,190.32029451139215,0.13456587217793403,32,32,0,0.3512692785982541,0.05802125177927588,0.06664566514196957
32,4,1,taps_admission,0.06528082135077626,42.00889014939383,108.53919434796764,217.41575926957992,0.543627096278708,223.7093930024164,0.1344985468740077,32,32,0,0.3512692785982541,0.05802125177927588,0.06664566514196957
32,4,2,static_admission,0.05795690073861329,33.30751058988155,100.18082273949106,216.28123290310404,0.2861099247646193,419.84445143817385,0.18322019444564608,32,32,0,0.4276159221096897,0.02754823327583909,0.05840022873076617
32,4,2,reactive_admission,0.08465159913274353,28.366063374830787,101.40955790924431,214.54798565579136,0.3524687808736905,278.86763927106847,0.199651165353304,32,32,0,0.4276159221096897,0.02754823327583909,0.05840022873076617
32,4,2,taps_admission,0.08274019429057516,29.695602022709753,97.42101806489808,212.71302817126957,0.34451015349538544,277.7929763771772,0.1770692497561723,32,32,0,0.4276159221096897,0.02754823327583909,0.05840022873076617
32,4,4,static_admission,0.061560262938801596,28.356219001299554,96.93201056658654,213.3585406944429,0.15194913783731878,491.3726289799527,0.19096397730896075,32,32,0,0.4324680118959246,0.012298354639387958,0.031637425794259044
32,4,4,reactive_admission,0.08830885288143453,26.810539029903257,95.73990632472979,212.2629452911782,0.18384835038180414,360.1159466686789,0.20608604285773452,32,32,0,0.4324680118959246,0.012298354639387958,0.031637425794259044
32,4,4,taps_admission,0.08818310746373549,26.810539029903254,95.73990632472976,212.26294529117817,0.18358656363157783,349.6685732381798,0.18369078414521517,32,32,0,0.4324680118959246,0.012298354639387958,0.031637425794259044
32,4,8,static_admission,0.061560262938801596,28.356219001299554,96.93201056658654,213.3585406944429,0.07597456891865939,519.8158434087895,0.19096397730896075,32,32,0,0.4324680118959246,0.012298354639387958,0.015818712897129522
32,4,8,reactive_admission,0.08830885288143453,26.810539029903257,95.73990632472979,212.2629452911782,0.09192417519090207,362.36457564411944,0.20608604285773452,32,32,0,0.4324680118959246,0.012298354639387958,0.015818712897129522
32,4,8,taps_admission,0.08818310746373549,26.810539029903254,95.73990632472976,212.26294529117817,0.09179328181578891,362.88129235136915,0.18369078414521517,32,32,0,0.4324680118959246,0.012298354639387958,0.015818712897129522
32,4,16,static_admission,0.061560262938801596,28.356219001299554,96.93201056658654,213.3585406944429,0.037987284459329695,519.8158434087895,0.19096397730896075,32,32,0,0.4324680118959246,0.012298354639387958,0.007909356448564761
32,4,16,reactive_admission,0.08830885288143453,26.810539029903257,95.73990632472979,212.2629452911782,0.045962087595451034,362.36457564411944,0.20608604285773452,32,32,0,0.4324680118959246,0.012298354639387958,0.007909356448564761
32,4,16,taps_admission,0.08818310746373549,26.810539029903254,95.73990632472976,212.26294529117817,0.045896640907894456,362.88129235136915,0.18369078414521517,32,32,0,0.4324680118959246,0.012298354639387958,0.007909356448564761
32,8,1,static_admission,0.053752242784523244,82.39446709672575,141.6446933568261,244.93392647232892,0.5307064367837506,279.3817196264768,0.06924793537800096,32,32,0,0.28106097627774296,0.11343277840571106,0.04272550002072173
32,8,1,reactive_admission,0.07050494886822886,60.07472985575426,145.032160806733,234.93958490694519,0.5871311027255984,187.38833124286384,0.08384227040874373,32,32,0,0.28106097627774296,0.11343277840571106,0.04272550002072173
32,8,1,taps_admission,0.06885990061865961,61.43958092817078,125.57754224293636,233.48940340111454,0.5734319368044724,198.23116065546526,0.07023550507352182,32,32,0,0.28106097627774296,0.11343277840571106,0.04272550002072173
32,8,2,static_admission,0.06363096297984226,48.70139887967034,114.09455100516746,226.18550014187565,0.3141204895163367,358.4503284886203,0.08591431035858339,32,32,0,0.3621928495823625,0.035742368547015825,0.04678424700122563
32,8,2,reactive_admission,0.09398009542541959,38.33427286369116,113.51450750713062,221.86805392346932,0.3913103827967481,214.34416229327772,0.10999368681851444,32,32,0,0.3621928495823625,0.035742368547015825,0.04678424700122563
32,8,2,taps_admission,0.08667764278318114,42.654521390867195,110.01654151393447,218.56452311606142,0.36090473651756233,244.27738504339095,0.08890351445211131,32,32,0,0.3621928495823625,0.035742368547015825,0.04678424700122563
32,8,4,static_admission,0.06963625943820005,32.67652256527036,99.90109414760701,216.39846157314182,0.17188311223376873,394.42657711005836,0.09435675815976499,32,32,0,0.5092857677301968,0.018839217887050792,0.04692448919779452
32,8,4,reactive_admission,0.10755724778117527,28.252389420920036,98.45827224975577,212.88338731249982,0.22392118039088738,253.76013478373923,0.10601943469632819,32,32,0,0.5092857677301968,0.018839217887050792,0.04692448919779452
32,8,4,taps_admission,0.10510101528804293,29.741592206606082,98.01903566780547,213.64353370634927,0.21880760143156325,247.19193965189757,0.10909892851600812,32,32,0,0.5092857677301968,0.018839217887050792,0.04692448919779452
32,8,8,static_admission,0.07172954293195058,28.35621900129956,96.93201056658654,213.35854069444292,0.08852498093461694,439.9567200362667,0.0958607017194792,32,32,0,0.5273233825446996,0.012298354639387665,0.02551432422327707
32,8,8,reactive_admission,0.10993055699518176,26.810539029903254,95.73990632472979,212.26294529117817,0.11443106155649088,289.9428717162839,0.1047664611971008,32,32,0,0.5273233825446996,0.012298354639387665,0.02551432422327707
32,8,8,taps_admission,0.109554208139212,26.810539029903257,95.73990632472979,212.2629452911782,0.11403930515789401,290.4140947859845,0.11403096846838857,32,32,0,0.5273233825446996,0.012298354639387665,0.02551432422327707
32,8,16,static_admission,0.07172954293195058,28.35621900129956,96.93201056658654,213.35854069444292,0.04426249046730847,446.12022734284284,0.0958607017194792,32,32,0,0.5273233825446996,0.012298354639387665,0.012757162111638534
32,8,16,reactive_admission,0.10993055699518176,26.810539029903254,95.73990632472979,212.26294529117817,0.05721553077824544,291.0928578429977,0.1047664611971008,32,32,0,0.5273233825446996,0.012298354639387665,0.012757162111638534
32,8,16,taps_admission,0.109554208139212,26.810539029903257,95.73990632472979,212.2629452911782,0.057019652578947005,292.09284192294257,0.11403096846838857,32,32,0,0.5273233825446996,0.012298354639387665,0.012757162111638534
32,16,1,static_admission,0.06110391214256948,151.81979810774595,186.87732375914413,289.3589511239708,0.6032909104225768,207.75577898937007,0.03373411203417142,32,32,0,0.22259150977872996,-0.004938561340403569,0.018817220350487163
32,16,1,reactive_admission,0.0766586021347131,110.30860933943278,194.2259730077128,273.03272502456275,0.6383757498906426,150.95469629310304,0.037086186544482855,32,32,0,0.22259150977872996,-0.004938561340403569,0.018817220350487163
32,16,1,taps_admission,0.07470512419977089,120.78614635529006,187.80022888565912,272.36559540154997,0.6221081307730639,161.8702859381504,0.036042029959838996,32,32,0,0.22259150977872996,-0.004938561340403569,0.018817220350487163
32,16,2,static_admission,0.07428422895528364,82.32211427374551,137.33033710468862,238.54980724547505,0.3667113818498929,281.96393522209854,0.036866948813394806,32,32,0,0.29491039012786185,0.09178131234805945,0.033806421108325546
32,16,2,reactive_admission,0.09862642920958349,59.57176096327879,132.44558646425395,230.50788485123428,0.41065659268781474,198.52191994307225,0.046829730212155515,32,32,0,0.29491039012786185,0.09178131234805945,0.033806421108325546
32,16,2,taps_admission,0.09619141989683375,63.562503667888606,124.7259785400189,231.37410836762567,0.4005178029582184,206.85593141519757,0.04511538068799773,32,32,0,0.29491039012786185,0.09178131234805945,0.033806421108325546
32,16,4,static_admission,0.08042200318128001,48.685006529032734,111.92786863835653,223.35743770541305,0.19850555314706547,326.6328607829467,0.05265353716645448,32,32,0,0.36417274778698805,0.022336494537481624,0.029896366578877648
32,16,4,reactive_admission,0.11135373143065251,40.22304976814161,107.91806170496524,219.51054081587245,0.23182500014885662,228.08942758702747,0.058702218250549006,32,32,0,0.36417274778698805,0.022336494537481624,0.029896366578877648
32,16,4,taps_admission,0.10970950506234065,42.53177923863489,109.42779241192392,220.811579143489,0.22840191972594312,231.75233872767657,0.054971411829674376,32,32,0,0.36417274778698805,0.022336494537481624,0.029896366578877648
32,16,8,static_admission,0.08417085859228875,32.425750817655434,99.45010997550366,214.74729210476949,0.103879424677244,349.0362307342644,0.05588487907356479,32,32,0,0.41353993088579544,0.007849141449166711,0.019970383124296026
32,16,8,reactive_admission,0.11945485319228255,29.258626184458212,98.30885236888625,213.77743364656425,0.12434527789636138,243.9604179056372,0.06353915281589102,32,32,0,0.41353993088579544,0.007849141449166711,0.019970383124296026
32,16,8,taps_admission,0.1189788696371419,30.14591888433004,98.66951199517075,214.6204243017648,0.12384980780154002,242.64829834206324,0.05634209406014331,32,32,0,0.41353993088579544,0.007849141449166711,0.019970383124296026
32,16,16,static_admission,0.0847470705976494,28.35621900129956,96.93201056658654,213.3585406944429,0.05229527822335961,375.5837614943061,0.05550230881685427,32,32,0,0.43613169143950153,0.012298354639387665,0.01105003148253321
32,16,16,reactive_admission,0.12152536244642159,26.810539029903257,95.73990632472979,212.2629452911782,0.06325027640581703,262.6875041566526,0.06615740800230112,32,32,0,0.43613169143950153,0.012298354639387665,0.01105003148253321
32,16,16,taps_admission,0.12170795384194508,26.810539029903254,95.73990632472979,212.26294529117817,0.06334530970589282,262.06336781423704,0.05730986861435841,32,32,0,0.43613169143950153,0.012298354639387665,0.01105003148253321
32,32,1,static_admission,0.0744377620083628,292.91117061493514,313.64721647658575,393.9029552390785,0.734938625649115,113.94705792303915,0.013913786476532965,32,32,0,0.08222305151226543,0.07147084460573479,-0.06408839554909018
32,32,1,reactive_admission,0.08069020482619824,251.0341735108272,280.74661135531267,361.05583942481496,0.671948986549919,130.09797723297208,0.014541544207456776,32,32,0,0.08222305151226543,0.07147084460573479,-0.06408839554909018
32,32,1,taps_admission,0.08055826194843417,252.57413197588883,291.23058500676643,364.99374356828287,0.6708502301000249,130.74751592259162,0.01533967261595255,32,32,0,0.08222305151226543,0.07147084460573479,-0.06408839554909018
32,32,2,static_admission,0.09719398164123623,151.31502700783983,192.19911980538282,288.419734806346,0.4798076229155735,178.68838531070043,0.02284472791470431,32,32,0,0.05467294287263198,0.04378278134891506,-0.05298968034459367
32,32,2,reactive_admission,0.1025204583398187,130.63990607655373,178.45275629956348,273.5142177666318,0.4268703879885794,185.132997261936,0.01997014122607311,32,32,0,0.05467294287263198,0.04378278134891506,-0.05298968034459367
32,32,2,taps_admission,0.10250786264707118,131.54120445926898,183.78410776748981,275.137023800585,0.4268179425709798,185.01603006899884,0.020238353511633847,32,32,0,0.05467294287263198,0.04378278134891506,-0.05298968034459367
32,32,4,static_admission,0.11614180704418624,81.88697537533282,139.49701167630369,238.9929650511279,0.28667271068637634,201.48669974359356,0.023891294209611003,32,32,0,0.006660767319975382,0.033391803700234785,-0.04326898803978177
32,32,4,reactive_admission,0.1171905094927786,72.19309878651693,132.13524496122807,235.41211609606614,0.24397646609199777,211.21119100950972,0.023008690338452892,32,32,0,0.006660767319975382,0.033391803700234785,-0.04326898803978177
32,32,4,taps_admission,0.11691540059702904,72.70760190698412,134.8389548456392,236.1642488339074,0.24340372264659457,211.80330189538225,0.023158223677628924,32,32,0,0.006660767319975382,0.033391803700234785,-0.04326898803978177
32,32,8,static_admission,0.12171743560731575,48.50197116223403,111.98443908442157,223.28053218678392,0.15021751465460056,227.1217711122578,0.03374310590251459,32,32,0,0.007131264825016661,0.02253216014753442,-0.0226134905554356
32,32,8,reactive_admission,0.12240730630640978,43.65227571988907,108.90804074021466,221.35867841511185,0.1274186030325214,231.55373824416603,0.03341817276422565,32,32,0,0.007131264825016661,0.02253216014753442,-0.0226134905554356
32,32,8,taps_admission,0.12258543487445343,43.835614340837715,109.46118776893957,221.2345144222253,0.12760402409916496,230.9475571058341,0.03365709363512877,32,32,0,0.007131264825016661,0.02253216014753442,-0.0226134905554356
32,32,16,static_admission,0.1251870120700661,32.37608649139856,99.51180289303642,215.30609072382586,0.07724974538927329,240.13944086779685,0.03415108824828109,32,32,0,0.002051311148046673,0.015039134801630114,-0.011960035736654898
32,32,16,reactive_admission,0.1257974466727205,30.089635883196625,97.74196978620105,213.87653190809334,0.06547376706408577,242.34881131026577,0.03442383995868485,32,32,0,0.002051311148046673,0.015039134801630114,-0.011960035736654898
32,32,16,taps_admission,0.12544380958351609,30.17096687519448,98.0152314749748,214.32899049850224,0.06528970965261839,242.75669942988728,0.03437660407234778,32,32,0,0.002051311148046673,0.015039134801630114,-0.011960035736654898
64,4,1,static_admission,0.05423077372398472,48.0872597278624,96.8428847875306,186.0687885217728,0.5759622699526024,500.4246271896896,0.11668634951902712,64,64,0,0.39714888450866054,0.16541191049013934,0.09146698913654339
64,4,1,reactive_admission,0.10962684499494404,34.79591140327927,93.18722947591056,185.5589247869876,0.9656809586580272,20.035408717523524,0.1058774180609014,64,64,0,0.39714888450866054,0.16541191049013934,0.09146698913654339
64,4,1,taps_admission,0.07576846501450683,40.573580501437085,80.8239181974487,192.1675240672061,0.6674292590891457,280.9153836522822,0.14510262025107823,64,64,0,0.39714888450866054,0.16541191049013934,0.09146698913654339
64,4,2,static_admission,0.06897607665163759,30.11103048472286,79.56041315049045,175.18206512980845,0.3662829695451265,639.6379704916111,0.15277893913624468,64,64,0,0.5634379716689789,0.04345195859894396,0.10868672527714407
64,4,2,reactive_admission,0.1615460590757176,24.356001492870487,79.95271191267584,174.71911767946213,0.7115134673576532,180.25972894029735,0.1598751262030288,64,64,0,0.5634379716689789,0.04345195859894396,0.10868672527714407
64,4,2,taps_admission,0.10783981737392029,26.754091560476873,76.10335737216046,172.41009364775988,0.4749696948222706,340.1234661868013,0.1979367328517342,64,64,0,0.5634379716689789,0.04345195859894396,0.10868672527714407
64,4,4,static_admission,0.07448353945272282,24.772865172857255,74.65319016747969,171.99188063592882,0.19776459707010013,800.7782211061633,0.16233228713561926,64,64,0,0.6217731463190013,0.012665392877021949,0.06825104368019974
64,4,4,reactive_admission,0.1712462104565251,22.961085247423547,73.70767818448554,170.7117521881647,0.3771184071926866,371.48226894856293,0.1683676386363766,64,64,0,0.6217731463190013,0.012665392877021949,0.06825104368019974
64,4,4,taps_admission,0.12079540412721775,22.961085247423547,73.70767818448553,170.71175218816472,0.2660156407502999,486.6460888137061,0.2763735763374491,64,64,0,0.6217731463190013,0.012665392877021949,0.06825104368019974
64,4,8,static_admission,0.07448353945272282,24.772865172857255,74.65319016747969,171.99188063592882,0.09888229853505007,859.250251401156,0.16233228713561926,64,64,0,0.6217731463190013,0.012665392877021949,0.03412552184009987
64,4,8,reactive_admission,0.1712462104565251,22.961085247423547,73.70767818448554,170.7117521881647,0.1885592035963433,373.7308979240035,0.1683676386363766,64,64,0,0.6217731463190013,0.012665392877021949,0.03412552184009987
64,4,8,taps_admission,0.12079540412721775,22.961085247423547,73.70767818448553,170.71175218816472,0.13300782037514994,529.8214817229082,0.2763735763374491,64,64,0,0.6217731463190013,0.012665392877021949,0.03412552184009987
64,4,16,static_admission,0.07448353945272282,24.772865172857255,74.65319016747969,171.99188063592882,0.049441149267525034,859.250251401156,0.16233228713561926,64,64,0,0.6217731463190013,0.012665392877021949,0.017062760920049935
64,4,16,reactive_admission,0.1712462104565251,22.961085247423547,73.70767818448554,170.7117521881647,0.09427960179817164,373.7308979240035,0.1683676386363766,64,64,0,0.6217731463190013,0.012665392877021949,0.017062760920049935
64,4,16,taps_admission,0.12079540412721775,22.961085247423547,73.70767818448553,170.71175218816472,0.06650391018757497,529.8214817229082,0.2763735763374491,64,64,0,0.6217731463190013,0.012665392877021949,0.017062760920049935
64,8,1,static_admission,0.061134071234441305,83.54935548861883,129.2605063678242,210.45312777931366,0.6492792933186591,367.1622840482491,0.05788421049508427,64,64,0,0.36247763159919066,0.0241055000011908,0.08443917742750562
64,8,1,reactive_admission,0.11327932893681181,55.39473577165356,121.99951957270699,213.3779950939474,0.9978549594206007,1.2118945121765137,0.05440856960254001,64,64,0,0.36247763159919066,0.0241055000011908,0.08443917742750562
64,8,1,taps_admission,0.0832938045855178,62.59304165199337,126.1446172314207,197.65036347038549,0.7337184707461647,204.60126604912625,0.06382987414979349,64,64,0,0.36247763159919066,0.0241055000011908,0.08443917742750562
64,8,2,static_admission,0.07714117500397033,46.81202273369742,95.31380063138914,186.86815754042357,0.4096420096109324,515.8500996857182,0.07528515473087646,64,64,0,0.6502622388632505,0.056098643684355125,0.15105206803425014
64,8,2,reactive_admission,0.18489255577283717,35.545443692853944,94.0856192434116,185.36453962943995,0.8143407780990165,70.11079530437793,0.0863107918031078,64,64,0,0.6502622388632505,0.056098643684355125,0.15105206803425014
64,8,2,taps_admission,0.1273031681705939,39.29023940018803,89.96682569156718,178.9894721742562,0.5606940776451825,239.30199038981584,0.09326342973745515,64,64,0,0.6502622388632505,0.056098643684355125,0.15105206803425014
64,8,4,static_admission,0.08805654129300866,29.43619213667731,78.62087801679878,175.21482368710554,0.2338028849884615,587.8607492678758,0.08531836433682535,64,64,0,0.9101191012410451,0.03715084009205135,0.1366038134798426
64,8,4,reactive_admission,0.2146408186638291,24.33969122386416,77.00386598331663,173.1005549230344,0.4726820140267414,203.6442092617474,0.1273548600789264,64,64,0,0.9101191012410451,0.03715084009205135,0.1366038134798426
64,8,4,taps_admission,0.16819848151299668,26.54277633816865,75.70004634970002,172.26223428173756,0.3704066984683041,261.0889869376541,0.12449952874742065,64,64,0,0.9101191012410451,0.03715084009205135,0.1366038134798426
64,8,8,static_admission,0.09138737028428179,24.77286517285725,74.65319016747969,171.99188063592888,0.12132335945876122,687.5782193676079,0.08793812761234089,64,64,0,0.98170983143816,0.01266539287702252,0.07808943062956467
64,8,8,reactive_admission,0.2198611139903635,22.961085247423547,73.70767818448549,170.71175218816467,0.24208907423590897,289.9428717162839,0.1422882902810152,64,64,0,0.98170983143816,0.01266539287702252,0.07808943062956467
64,8,8,taps_admission,0.18110325016164078,22.961085247423547,73.70767818448549,170.71175218816467,0.19941279008832588,345.04251967078517,0.13519927143451407,64,64,0,0.98170983143816,0.01266539287702252,0.07808943062956467
64,8,16,static_admission,0.09138737028428179,24.77286517285725,74.65319016747969,171.99188063592888,0.06066167972938061,700.3155884769748,0.08793812761234089,64,64,0,0.98170983143816,0.01266539287702252,0.03904471531478233
64,8,16,reactive_admission,0.2198611139903635,22.961085247423547,73.70767818448549,170.71175218816467,0.12104453711795449,291.0928578429977,0.1422882902810152,64,64,0,0.98170983143816,0.01266539287702252,0.03904471531478233
64,8,16,taps_admission,0.18110325016164078,22.961085247423547,73.70767818448549,170.71175218816467,0.09970639504416294,353.3895716552731,0.13519927143451407,64,64,0,0.98170983143816,0.01266539287702252,0.03904471531478233
64,16,1,static_admission,0.06933139503031274,155.26813394862376,201.99218531168594,259.1537546045254,0.7363396263509072,243.38561060489604,0.02750702115793869,64,64,0,0.21627148090580475,0.13948161804576314,0.006469472509778806
64,16,1,reactive_admission,0.11327932893681182,108.33965204063118,177.0010748271936,263.0004754156198,0.9978549594206007,1.2118945121765137,0.027061393223741344,64,64,0,0.21627148090580475,0.13948161804576314,0.006469472509778806
64,16,1,taps_admission,0.08432579850678383,119.1705144265159,173.81798847181236,224.35675054051075,0.742809098860686,195.19788681979583,0.03485272656595764,64,64,0,0.21627148090580475,0.13948161804576314,0.006469472509778806
64,16,2,static_admission,0.08927910573595758,81.86774166261873,123.94765949932308,204.317219493359,0.47409794170314706,392.58261493154095,0.035208412559566075,64,64,0,0.49548080898150304,0.12718571047125482,0.1139563618605604
64,16,2,reactive_admission,0.19114485444645374,55.378840297010385,116.1440783174617,200.82647835716133,0.8418784025614956,56.769922765581214,0.04374696565605173,64,64,0,0.49548080898150304,0.12718571047125482,0.1139563618605604
64,16,2,taps_admission,0.133515189271155,60.944194928857826,108.1832883646525,188.20457133699426,0.5880543035637075,206.79347629320978,0.04825688642599533,64,64,0,0.49548080898150304,0.12718571047125482,0.1139563618605604
64,16,4,static_admission,0.10120976300297868,46.188617098362315,94.6506563479754,185.29670201181813,0.2687265957943506,477.20323876639384,0.04770252917236458,64,64,0,0.6974178650303748,0.06079922882210344,0.1096009279515554
64,16,4,reactive_admission,0.21966887690977246,36.473799911286946,88.9824740448998,182.7364178927968,0.48375480397010556,156.5494059868479,0.06470788741245627,64,64,0,0.6974178650303748,0.06079922882210344,0.1096009279515554
64,16,4,taps_admission,0.1717952598367463,38.86545104304239,88.89596943451257,177.86844680990112,0.378327523745906,239.55590052148375,0.05898716500788395,64,64,0,0.6974178650303748,0.06079922882210344,0.1096009279515554
64,16,8,static_admission,0.10929624768615921,29.12609782825913,78.70182448239626,174.11701796287207,0.14509869256848926,520.165314618735,0.05191556690327854,64,64,0,0.8967827813457203,0.052479363939436176,0.08317171606932378
64,16,8,reactive_admission,0.2389097063845651,24.508617318058903,76.49425518078849,172.41091386793727,0.2630634794616168,221.8365278439769,0.06928701740501483,64,64,0,0.8967827813457203,0.052479363939436176,0.08317171606932378
64,16,8,taps_admission,0.20731124067680382,26.74930508156757,74.57160279268696,171.56295878602936,0.22827040863781303,247.70222853626316,0.0845860783800688,64,64,0,0.8967827813457203,0.052479363939436176,0.08317171606932378
64,16,16,static_admission,0.11103226226711596,24.772865172857244,74.65319016747969,171.99188063592882,0.07370168889119286,573.0025700119528,0.052198306034376946,64,64,0,0.9638466903656067,0.012665392877022329,0.04634592702751335
64,16,16,reactive_admission,0.24305072489284318,22.961085247423547,73.7076781844855,170.7117521881647,0.13381157748580758,262.6875041566526,0.07697420709041827,64,64,0,0.9638466903656067,0.012665392877022329,0.04634592702751335
64,16,16,taps_admission,0.2180503407770817,22.961085247423547,73.7076781844855,170.7117521881647,0.1200476159187062,292.5833746967848,0.08828582916185121,64,64,0,0.9638466903656067,0.012665392877022329,0.04634592702751335
64,32,1,static_admission,0.08059792504313114,302.2759221280524,359.4188225919392,388.48979054855647,0.8559967094989218,114.34798832770224,0.012382392037544543,64,64,0,0.14660361755435644,0.14227757793095594,-0.04194138465829278
64,32,1,reactive_admission,0.11236274158077869,219.25796723631686,279.2361024610677,389.9303136541031,0.98978092466471,5.820620004971829,0.013497829764462291,64,64,0,0.14660361755435644,0.14227757793095594,-0.04194138465829278
64,32,1,taps_admission,0.09241387242182902,249.69610866324976,308.28158305076215,375.4931853521904,0.814055324840629,128.77351525623055,0.01371351512490287,64,64,0,0.14660361755435644,0.14227757793095594,-0.04194138465829278
64,32,2,static_admission,0.11955714938003889,153.82349415233068,195.75801940787346,251.6425666800091,0.6348831338500208,207.2807309768986,0.020841084163464564,64,64,0,0.20952226243911942,0.004351463505158456,0.0020240901229415798
64,32,2,reactive_admission,0.19520681542015886,112.55655240071451,173.22110419132022,260.2780932442614,0.8597689035938846,50.06861499984922,0.022319571903566877,64,64,0,0.20952226243911942,0.004351463505158456,0.0020240901229415798
64,32,2,taps_admission,0.1446070338089164,124.01169832704844,194.906185530578,260.6295416676807,0.6369072239729624,164.91875305150865,0.025047570519285488,64,64,0,0.20952226243911942,0.004351463505158456,0.0020240901229415798
64,32,4,static_admission,0.14701791398129824,81.2228664706723,128.10577688494146,202.61572879725682,0.39035387864526655,275.6096563482077,0.023884210434242426,64,64,0,0.28082467426348995,0.16682948151575647,0.024329571238725645
64,32,4,reactive_admission,0.23131304109318973,61.57386158627195,117.6443338536586,200.15232340131303,0.5093975825065405,140.48410141376448,0.03626094520130125,64,64,0,0.28082467426348995,0.16682948151575647,0.024329571238725645
64,32,4,taps_admission,0.1883041717859941,63.641721051965796,106.7339565480535,201.1859483954638,0.4146834498839922,205.03443767656202,0.03178987784632686,64,64,0,0.28082467426348995,0.16682948151575647,0.024329571238725645
64,32,8,static_admission,0.16020460710149992,45.99515458908234,96.2060529961438,183.32311686405976,0.21268323044927231,324.59698087860517,0.031044895617936556,64,64,0,0.3502035480860578,0.10024329027300855,0.025494422678471407
64,32,8,reactive_admission,0.24481461261281956,37.29266136933024,89.09871435982106,180.00267815757473,0.2695653717530869,195.98858961715615,0.03949028941676524,64,64,0,0.3502035480860578,0.10024329027300855,0.025494422678471407
64,32,8,taps_admission,0.21630882892817804,39.15538244566131,86.56204169963091,181.63490732757305,0.23817765312774372,231.4309234258763,0.040244069141900825,64,64,0,0.3502035480860578,0.10024329027300855,0.025494422678471407
64,32,16,static_admission,0.16793706620229787,29.104382222661314,78.71645534232115,173.69423967170025,0.11147431524690407,348.6645210680229,0.03462406432869024,64,64,0,0.40063708846910984,0.026399551524882773,0.018025441904570116
64,32,16,reactive_admission,0.251594893345441,25.317100109424395,76.9276870966073,172.48430299647498,0.1385155694588849,228.69628560407196,0.038028047848479636,64,64,0,0.40063708846910984,0.026399551524882773,0.018025441904570116
64,32,16,taps_admission,0.23521888345163064,26.608260844278675,76.63837622365541,173.83002738343015,0.1294997571514742,243.125784986475,0.04129943311097257,64,64,0,0.40063708846910984,0.026399551524882773,0.018025441904570116
128,4,1,static_admission,0.05085415242163186,48.580399334875146,97.28554714645028,259.70738026766855,0.5387889529060818,1160.8690975431477,0.1267310658041038,128,128,0,0.7808647227464617,0.07153001425906046,0.26071256595985404
128,4,1,reactive_admission,0.09965889564347005,36.04619128204665,90.09460928245718,266.1276974732697,0.8797879553306286,154.39807573954147,0.11363347448055515,128,128,0,0.7808647227464617,0.07153001425906046,0.26071256595985404
128,4,1,taps_admission,0.09056436605285573,40.68230947131812,90.3267105718642,252.96952558898306,0.7995015188659358,283.37641727853565,0.1340020827708364,128,128,0,0.7808647227464617,0.07153001425906046,0.26071256595985404
128,4,2,static_admission,0.06351829985990183,30.949493524875315,79.5542292937482,254.77151450546677,0.33648145374785154,1447.875271464632,0.15765363384867262,128,128,0,1.1381270770326326,0.06149394636334446,0.26298422665966026
128,4,2,reactive_admission,0.13457841104438195,25.90834657473808,78.85258076478048,255.78453867908803,0.5940285827968617,511.4833854501651,0.1707494707135511,128,128,0,1.1381270770326326,0.06149394636334446,0.26298422665966026
128,4,2,taps_admission,0.13581019681753417,28.039358295687386,74.66212578458124,252.51566360972174,0.5994656804075118,457.4165848370957,0.1890984171445573,128,128,0,1.1381270770326326,0.06149394636334446,0.26298422665966026
128,4,4,static_admission,0.0680052935302418,25.819236024683438,74.65319016747969,253.43249262612773,0.18012541330668172,1773.9181782684645,0.1670611874721896,128,128,0,1.319462139372634,0.012665392877021949,0.16799697776220393
128,4,4,reactive_admission,0.14336556059818933,24.052440458791423,73.70767818448553,252.5156636097218,0.3164075133712732,879.5090605467307,0.18073585554075158,128,128,0,1.319462139372634,0.012665392877021949,0.16799697776220393
128,4,4,taps_admission,0.1577357036203186,24.052440458791438,73.70767818448553,252.51566360972174,0.34812239106888565,729.955825991551,0.23300841068640746,128,128,0,1.319462139372634,0.012665392877021949,0.16799697776220393
128,4,8,static_admission,0.0680052935302418,25.819236024683438,74.65319016747969,253.43249262612773,0.09006270665334086,1882.206418873535,0.1670611874721896,128,128,0,1.319462139372634,0.012665392877021949,0.08399848888110197
128,4,8,reactive_admission,0.14336556059818933,24.052440458791423,73.70767818448553,252.5156636097218,0.1582037566856366,892.822512365753,0.18073585554075158,128,128,0,1.319462139372634,0.012665392877021949,0.08399848888110197
128,4,8,taps_admission,0.1577357036203186,24.052440458791438,73.70767818448553,252.51566360972174,0.17406119553444283,811.4840017964822,0.23300841068640746,128,128,0,1.319462139372634,0.012665392877021949,0.08399848888110197
128,4,16,static_admission,0.0680052935302418,25.819236024683438,74.65319016747969,253.43249262612773,0.04503135332667043,1882.206418873535,0.1670611874721896,128,128,0,1.319462139372634,0.012665392877021949,0.04199924444055098
128,4,16,reactive_admission,0.14336556059818933,24.052440458791423,73.70767818448553,252.5156636097218,0.0791018783428183,892.822512365753,0.18073585554075158,128,128,0,1.319462139372634,0.012665392877021949,0.04199924444055098
128,4,16,taps_admission,0.1577357036203186,24.052440458791438,73.70767818448553,252.51566360972174,0.08703059776722141,811.4840017964822,0.23300841068640746,128,128,0,1.319462139372634,0.012665392877021949,0.04199924444055098
128,8,1,static_admission,0.05823230493829625,83.47395851436464,130.8633410310641,275.6831861098407,0.6169589130673685,841.9597881163884,0.06482119006050886,128,128,0,0.6601708782021792,0.033767723059966066,0.23649232698255196
128,8,1,reactive_admission,0.10292866242120273,55.6733822625288,119.7620566995261,285.4865751645407,0.9086534310035769,113.59674318602242,0.057931836525493566,128,128,0,0.6601708782021792,0.033767723059966066,0.23649232698255196
128,8,1,taps_admission,0.09667557682914839,60.59395136326177,126.44438397242523,264.04479383979015,0.8534512400499205,194.03288699027894,0.062406667798978924,128,128,0,0.6601708782021792,0.033767723059966066,0.23649232698255196
128,8,2,static_admission,0.07373786798059132,47.276071631841575,97.3292454326617,261.7237717160584,0.3906185314956706,1114.1843108556477,0.0820448507404436,128,128,0,1.1710533343665817,0.05208783348539089,0.3160130037783434
128,8,2,reactive_admission,0.1698577968687274,35.91808508050788,93.23048137263034,264.34157561820246,0.7497516545774334,193.8291439230037,0.10993948113473638,128,128,0,1.1710533343665817,0.05208783348539089,0.3160130037783434
128,8,2,taps_admission,0.16008884414834557,38.7620846848791,92.25957590330647,253.10737331731127,0.706631535274014,260.021061766127,0.10265675190918128,128,128,0,1.1710533343665817,0.05208783348539089,0.3160130037783434
128,8,4,static_admission,0.08386847282739908,30.414424370106723,78.79104643903172,255.8775883810759,0.2221421678698803,1260.746878054157,0.09499465264532898,128,128,0,1.669340697921122,0.01541100911340102,0.27194627249432723
128,8,4,reactive_admission,0.22664580172438206,25.024248547626012,76.90660735802997,252.7896782060385,0.5002068435434004,404.4081894491731,0.14075880788086992,128,128,0,1.669340697921122,0.01541100911340102,0.27194627249432723
128,8,4,taps_admission,0.22387352779066813,27.417633082765217,77.5767969043054,252.51566360972197,0.49408844036420757,355.00271813471664,0.14178276193838205,128,128,0,1.669340697921122,0.01541100911340102,0.27194627249432723
128,8,8,static_admission,0.08704335963799853,25.819236024683434,74.65319016747969,253.43249262612773,0.1152757404350025,1444.7024796514881,0.09817845647726607,128,128,0,1.851332439710967,0.012665392877021949,0.15860119212028834
128,8,8,reactive_admission,0.23230657169009106,24.052440458791434,73.70767818448552,252.5156636097219,0.2563500759233089,549.8460492792867,0.14300269754230804,128,128,0,1.851332439710967,0.012665392877021949,0.15860119212028834
128,8,8,taps_admission,0.24818955499725345,24.052440458791434,73.70767818448553,252.5156636097219,0.27387693255529083,498.78976007531946,0.1574318759231784,128,128,0,1.851332439710967,0.012665392877021949,0.15860119212028834
128,8,16,static_admission,0.08704335963799853,25.819236024683434,74.65319016747969,253.43249262612773,0.05763787021750125,1470.5314745700828,0.09817845647726607,128,128,0,1.851332439710967,0.012665392877021949,0.07930059606014417
128,8,16,reactive_admission,0.23230657169009106,24.052440458791434,73.70767818448552,252.5156636097219,0.12817503796165444,550.9960354060005,0.14300269754230804,128,128,0,1.851332439710967,0.012665392877021949,0.07930059606014417
128,8,16,taps_admission,0.24818955499725345,24.052440458791434,73.70767818448553,252.5156636097219,0.13693846627764542,515.7348382425541,0.1574318759231784,128,128,0,1.851332439710967,0.012665392877021949,0.07930059606014417
128,16,1,static_admission,0.06587187701403671,155.89874077613214,204.0283644360706,323.5797873337977,0.6978985579799807,587.0332884293318,0.02954652855161424,128,128,0,0.5312544232633903,0.03147649916710933,0.1925510289070259
128,16,1,reactive_admission,0.09952487404642442,112.72312598910717,176.9680516263239,330.1498745229581,0.8786048137146834,156.1276413901553,0.030673238384693442,128,128,0,0.5312544232633903,0.03147649916710933,0.1925510289070259
128,16,1,taps_admission,0.10086660304640577,118.83719002616759,197.60626579283195,298.93210621482297,0.8904495868870066,139.01977914346776,0.03042887880552082,128,128,0,0.5312544232633903,0.03147649916710933,0.1925510289070259
128,16,2,static_admission,0.08503803080098479,82.09838301176742,131.5663845249642,272.9274855187424,0.450479945006106,858.2265060300278,0.04285383960460857,128,128,0,0.9837303187694363,0.26885328816542975,0.2941281817781357
128,16,2,reactive_admission,0.1723357773765287,54.83759891397609,115.15743575285458,276.2374305936822,0.7606894508987317,184.4306818805302,0.05059839685239995,128,128,0,0.9837303187694363,0.26885328816542975,0.2941281817781357
128,16,2,taps_admission,0.1686925199483627,59.757800370528145,96.19432943339027,266.4413862080891,0.7446081267842417,203.69550413584693,0.050917672717079865,128,128,0,0.9837303187694363,0.26885328816542975,0.2941281817781357
128,16,4,static_admission,0.09533296628734493,46.712484415651005,96.93214884877386,261.456295290071,0.25250813668826616,1037.7781585302682,0.05077780049082517,128,128,0,1.6347956284815233,0.07027120036647472,0.3018519971136046
128,16,4,reactive_admission,0.25897812099606043,36.44666807479902,89.65082060040712,261.23354011192345,0.5715642092844656,219.65045413076018,0.07680681112408382,128,128,0,1.6347956284815233,0.07027120036647472,0.3018519971136046
128,16,4,taps_admission,0.25118288282407286,39.301348936103494,90.12061039506872,254.98656642763865,0.5543601338018708,244.8398925947825,0.07281933674140825,128,128,0,1.6347956284815233,0.07027120036647472,0.3018519971136046
128,16,8,static_admission,0.10202454906968315,30.056143628780656,79.63446750119489,255.02836305621275,0.13511605578492358,1126.5102941582086,0.05664448617819661,128,128,0,2.2656364411258147,0.04642335100860904,0.232542326838862
128,16,8,reactive_admission,0.3329825531201621,24.94812291859605,76.1585888059069,252.69189922108092,0.36744592351595445,311.714864752667,0.07962480944169202,128,128,0,2.2656364411258147,0.04642335100860904,0.232542326838862
128,16,8,taps_admission,0.3331750853313862,27.287237603980618,75.93756866400325,252.53594025577326,0.3676583826237856,268.53959801751137,0.09690780379293729,128,128,0,2.2656364411258147,0.04642335100860904,0.232542326838862
128,16,16,static_admission,0.10373128346580295,25.81923602468344,74.65319016747969,253.43249262612773,0.06868818343825431,1227.4019227645074,0.05719799374264364,128,128,0,2.4471887912171835,0.01266539287702271,0.12860713469348722
128,16,16,reactive_admission,0.34052941087867206,24.052440458791434,73.7076781844855,252.5156636097219,0.18788693685627395,375.2532857232861,0.0816628486682184,128,128,0,2.4471887912171835,0.01266539287702271,0.12860713469348722
128,16,16,taps_admission,0.3575813176618883,24.052440458791434,73.70767818448547,252.5156636097219,0.19729531813174153,354.18522787380545,0.10347470908569857,128,128,0,2.4471887912171835,0.01266539287702271,0.12860713469348722
128,32,1,static_admission,0.07697769568909237,302.80883398880263,359.46127863775416,431.19808860671907,0.8155623500236912,306.6864886722346,0.01337941679106721,128,128,0,0.3614686199482572,0.0366512418349896,0.1096352212497318
128,32,1,reactive_admission,0.09783588791807928,227.12766985374097,297.5611979999655,437.9479120292475,0.8636944573150448,178.33036358072627,0.01506298106247832,128,128,0,0.3614686199482572,0.0366512418349896,0.1096352212497318
128,32,1,taps_admission,0.10480271711662549,244.5150828892039,346.28657638408725,394.71931102046807,0.925197571273423,91.35937636375434,0.014469432593630408,128,128,0,0.3614686199482572,0.0366512418349896,0.1096352212497318
128,32,2,static_admission,0.1078780141984603,154.2936798917421,197.4235910268791,326.5681022066515,0.5714723335635796,529.7859683056342,0.020864782749885277,128,128,0,0.5597004761488719,0.04554569934581825,0.17121513181280845
128,32,2,reactive_admission,0.17177794440501365,117.57774314574107,176.1209385153721,328.13141116266047,0.758227178332613,184.92920003478173,0.025229619409228618,128,128,0,0.5597004761488719,0.04554569934581825,0.17121513181280845
128,32,2,taps_admission,0.16825739011133328,120.13013007269547,188.4317955061971,281.1363036102115,0.7426874653763881,204.02678688601372,0.026894911494509365,128,128,0,0.5597004761488719,0.04554569934581825,0.17121513181280845
128,32,4,static_admission,0.13025594751442793,81.50698689792857,131.109690649596,273.89794139687496,0.34500853042059276,663.6579851459546,0.026410924941819586,128,128,0,1.0528390752457404,0.18286267704159984,0.24513060839595946
128,32,4,reactive_admission,0.26220210559550217,59.42947759087381,119.38043589245004,272.91616049439017,0.5786795370242677,215.86129146521995,0.03800314603549812,128,128,0,1.0528390752457404,0.18286267704159984,0.24513060839595946
128,32,4,taps_admission,0.26739449884077593,61.052119181643654,107.13462163131486,267.33600074593204,0.5901391388165522,207.34147358445352,0.03823071936701438,128,128,0,1.0528390752457404,0.18286267704159984,0.24513060839595946
128,32,8,static_admission,0.13867636172585446,46.56216077750812,96.6910601984704,262.0039199742241,0.18365582791454504,775.7529002491256,0.031449172521534965,128,128,0,1.4905907781736742,0.10763365875759708,0.1974773618383271
128,32,8,reactive_admission,0.35006259353625774,37.66643175259416,89.10894372997431,259.557353933871,0.38629373150341145,231.84047420876541,0.04363052839547705,128,128,0,1.4905907781736742,0.10763365875759708,0.1974773618383271
128,32,8,taps_admission,0.3453860676650898,39.95185659664071,86.28384762015796,258.9107889002261,0.38113318975287214,236.41090050970814,0.05832709746753997,128,128,0,1.4905907781736742,0.10763365875759708,0.1974773618383271
128,32,16,static_admission,0.1434590372498801,29.968437289201614,79.13707708121918,255.59125615260356,0.09499487847119589,829.3488685234776,0.03520234701975175,128,128,0,1.8929758903358185,0.05474529663665625,0.13399415570313125
128,32,16,reactive_admission,0.4152669427215524,25.552884621588557,76.50701991601908,253.1913986723954,0.22912333370647178,260.83850538774215,0.05407595241012883,128,128,0,1.8929758903358185,0.05474529663665625,0.13399415570313125
128,32,16,taps_admission,0.4150235360146912,27.584667837139747,74.8046943214499,253.13546321786285,0.22898903417432714,248.61729470512574,0.09317900890730145,128,128,0,1.8929758903358185,0.05474529663665625,0.13399415570313125
