total_sessions,active_session_limit,effective_regions,arrival_pattern,memory_budget_gb,policy,throughput,mean_jct,p50_jct,p95_jct,p99_jct,ready_queue_wait,ready_queue_empty_time,region_utilization,blocked_session_fraction,domain_cache_hit_rate,remote_kv_bytes,avg_context_hops,domain_switches,memory_occupancy,eviction_count,evicted_tokens,recompute_tokens,cache_hit_tokens,completed_sessions,admission_count,starvation_count,predictor_median_abs_error,predictor_p95_abs_error,slo_target,strongest_non_oracle_baseline_p95_policy,strongest_non_oracle_baseline_throughput_policy,strongest_non_oracle_baseline_ready_wait_policy,strongest_baseline_p95,strongest_baseline_throughput,strongest_baseline_ready_wait,p95_gain_over_reactive,p95_gain_over_strongest_baseline,throughput_gain_over_strongest_baseline,ready_wait_gain_over_strongest_baseline,regime_counts,policy_profile_counts,regime_transition_counts,regime_switches,per_regime_policy_decisions
16,4,1,poisson,8,reactive_admission,0.1185779125002157,31.512622393561845,20.53237927447087,102.08144231142086,125.89341113748684,138.70504482301283,9.558588932248629,0.9291601548728932,0.4448952897976538,0.987216271838243,0.0,0.0,49,5982928896,0,0,8510,657180,16,16,0,0.046956610679626476,3.7432076930999756,32.105082321167,taps_unified_v5,reactive_admission,taps_domain_v4,95.71011053605082,0.1185779125002157,133.21430472763234,0.01733503792954851,-0.04808004165103555,-0.253542514192471,-0.30437578333069293,,,,,
16,4,1,poisson,8,acd_nisp,0.1185779125002157,31.512622393561845,20.53237927447087,102.08144231142086,125.89341113748684,138.70504482301283,9.558588932248629,0.9291601548728932,0.4448952897976538,0.987216271838243,0.0,0.0,49,5982928896,0,0,8510,657180,16,16,0,0.046956610679626476,3.7432076930999756,32.105082321167,taps_unified_v5,reactive_admission,taps_domain_v4,95.71011053605082,0.1185779125002157,133.21430472763234,0.01733503792954851,-0.04808004165103555,-0.253542514192471,-0.30437578333069293,,,,,
16,4,1,poisson,8,taps_domain_v4,0.1165770711403844,31.169451137600564,17.769663866327875,101.1033643192528,126.75833597313222,133.21430472763234,11.874467045350887,0.9134818381562486,0.4373882855179177,0.987216271838243,0.0,0.0,45,5982928896,0,0,8510,657180,16,16,0,0.046956610679626476,3.7432076930999756,32.105082321167,taps_unified_v5,reactive_admission,taps_domain_v4,95.71011053605082,0.1185779125002157,133.21430472763234,0.01733503792954851,-0.04808004165103555,-0.253542514192471,-0.30437578333069293,,,,,
16,4,1,poisson,8,taps_admission_v4,0.09221747455419371,34.04287903564608,24.699279831118794,96.13194386217964,122.7941808689433,179.18915109636066,48.12911646417792,0.7226034016968029,0.3459929357933427,0.987216271838243,0.0,0.0,138,5982928896,0,0,8510,657180,16,16,0,0.046956610679626476,3.7432076930999756,32.105082321167,taps_unified_v5,reactive_admission,taps_domain_v4,95.71011053605082,0.1185779125002157,133.21430472763234,0.01733503792954851,-0.04808004165103555,-0.253542514192471,-0.30437578333069293,,,,,
16,4,1,poisson,8,taps_unified_v5,0.09764468876520016,33.898785679052885,24.94515282629583,95.71011053605082,127.28500863809865,176.88365739086942,38.48560733279219,0.7651303031281125,0.3663554298555929,0.987216271838243,0.0,0.0,133,5982928896,0,0,8510,657180,16,16,0,0.046956610679626476,3.7432076930999756,32.105082321167,taps_unified_v5,reactive_admission,taps_domain_v4,95.71011053605082,0.1185779125002157,133.21430472763234,0.01733503792954851,-0.04808004165103555,-0.253542514192471,-0.30437578333069293,,,,,
16,4,1,poisson,8,taps_unified_adaptive_v6,0.08851337043721617,33.70365165962098,23.082689841056435,100.31185663704936,142.42753428557324,173.76151307995906,55.389859474104234,0.693578553118954,0.33209541946996846,0.987216271838243,0.0,0.0,128,5982928896,0,0,8510,657180,16,16,0,0.046956610679626476,3.7432076930999756,73.92709851264954,taps_unified_v5,reactive_admission,taps_domain_v4,95.71011053605082,0.1185779125002157,133.21430472763234,0.01733503792954851,-0.04808004165103555,-0.253542514192471,-0.30437578333069293,"{""ADMISSION_STARVED"": 210, ""BALANCED"": 1067, ""TAIL_RISK"": 4}","{""admission_starved"": 210, ""balanced"": 1067, ""tail_risk"": 4}","{""ADMISSION_STARVED->BALANCED"": 34, ""BALANCED->ADMISSION_STARVED"": 34, ""BALANCED->TAIL_RISK"": 2, ""TAIL_RISK->BALANCED"": 1}",71,"{""ADMISSION_STARVED:admit"": 138, ""ADMISSION_STARVED:admit_score"": 72, ""BALANCED:admit"": 728, ""BALANCED:admit_score"": 63, ""BALANCED:schedule_score"": 276, ""TAIL_RISK:schedule_score"": 4}"
16,16,4,bursty,32,reactive_admission,0.11046647527881633,52.04076788138167,41.86028075768165,111.82235856970152,138.23673040322066,405.44374790830165,102.15581682289678,0.32291666414932924,0.10361544889737563,0.964908591085941,45308411904.0,1.0,111,5982928896,0,0,23360,642330,16,16,0,0.046956610679626476,3.7432076930999756,32.105082321167,taps_domain_v4,taps_domain_v4,taps_domain_v4,96.02533492265019,0.11649459610149648,273.4517046064486,0.07076453113503851,-0.08210298749598634,-0.10601744435209995,-0.024928555152593162,,,,,
16,16,4,bursty,32,acd_nisp,0.11046647527881633,52.04076788138167,41.86028075768165,111.82235856970152,138.23673040322066,405.44374790830165,102.15581682289678,0.32291666414932924,0.10361544889737563,0.964908591085941,45308411904.0,1.0,111,5982928896,0,0,23360,642330,16,16,0,0.046956610679626476,3.7432076930999756,32.105082321167,taps_domain_v4,taps_domain_v4,taps_domain_v4,96.02533492265019,0.11649459610149648,273.4517046064486,0.07076453113503851,-0.08210298749598634,-0.10601744435209995,-0.024928555152593162,,,,,
16,16,4,bursty,32,taps_domain_v4,0.11649459610149648,43.75295353427668,37.18446797758381,96.02533492265019,129.081408277202,273.4517046064486,96.2655823786549,0.3394223502008114,0.10926971136454607,0.9797623518454536,36961476608.0,1.0,86,5982928896,0,0,13472,652218,16,16,0,0.046956610679626476,3.7432076930999756,32.105082321167,taps_domain_v4,taps_domain_v4,taps_domain_v4,96.02533492265019,0.11649459610149648,273.4517046064486,0.07076453113503851,-0.08210298749598634,-0.10601744435209995,-0.024928555152593162,,,,,
16,16,4,bursty,32,taps_admission_v4,0.11046647527881633,52.04076788138167,41.86028075768165,111.82235856970152,138.23673040322066,405.44374790830165,102.15581682289678,0.32291666414932924,0.10361544889737563,0.964908591085941,45308411904.0,1.0,111,5982928896,0,0,23360,642330,16,16,0,0.046956610679626476,3.7432076930999756,32.105082321167,taps_domain_v4,taps_domain_v4,taps_domain_v4,96.02533492265019,0.11649459610149648,273.4517046064486,0.07076453113503851,-0.08210298749598634,-0.10601744435209995,-0.024928555152593162,,,,,
16,16,4,bursty,32,taps_unified_v5,0.107106744071688,44.832814486952294,41.5482853657369,112.89010527811689,142.08496817589793,290.6428417269581,106.70478570756657,0.3122145993733214,0.1004640850440213,0.9772236326217909,34755395584.0,1.0,95,5982928896,0,0,15162,650528,16,16,0,0.046956610679626476,3.7432076930999756,32.105082321167,taps_domain_v4,taps_domain_v4,taps_domain_v4,96.02533492265019,0.11649459610149648,273.4517046064486,0.07076453113503851,-0.08210298749598634,-0.10601744435209995,-0.024928555152593162,,,,,
16,16,4,bursty,32,taps_unified_adaptive_v6,0.10414413674198572,44.199348011787635,34.71008159287868,103.90930179510244,143.6884434892033,280.26846050630104,113.1179222973837,0.3039674213505584,0.09768521582058531,0.9714837236551548,38262153216.0,1.0,86,5982928896,0,0,18983,646707,16,16,0,0.046956610679626476,3.7432076930999756,73.92709851264954,taps_domain_v4,taps_domain_v4,taps_domain_v4,96.02533492265019,0.11649459610149648,273.4517046064486,0.07076453113503851,-0.08210298749598634,-0.10601744435209995,-0.024928555152593162,"{""BALANCED"": 172, ""DOMAIN_HOT"": 940, ""TAIL_RISK"": 117}","{""balanced"": 172, ""domain_hot"": 940, ""tail_risk"": 117}","{""BALANCED->DOMAIN_HOT"": 2, ""DOMAIN_HOT->BALANCED"": 1, ""DOMAIN_HOT->TAIL_RISK"": 2, ""TAIL_RISK->DOMAIN_HOT"": 1}",6,"{""BALANCED:admit_score"": 136, ""BALANCED:schedule_score"": 36, ""DOMAIN_HOT:schedule_score"": 940, ""TAIL_RISK:schedule_score"": 117}"
32,8,2,closed_loop,16,reactive_admission,0.08820439251752342,43.49809188462527,29.96782315888307,119.88339577928181,225.94167097769935,486.5397142955426,214.54697046311972,0.43267354766976274,0.20378547525547114,0.9844130055516513,35087532032.0,1.0,194,10583121920,0,0,19718,1245311,32,32,0,0.046956610679626476,3.7432076930999756,32.105082321167,taps_domain_v4,taps_unified_v5,taps_domain_v4,112.47741597941513,0.10832332093410578,467.67929015759125,-0.058179775159857006,-0.12785472253680974,-0.008261418275482308,0.024255824802028036,,,,,
32,8,2,closed_loop,16,acd_nisp,0.08820439251752342,43.49809188462527,29.96782315888307,119.88339577928181,225.94167097769935,486.5397142955426,214.54697046311972,0.43267354766976274,0.20378547525547114,0.9844130055516513,35087532032.0,1.0,194,10583121920,0,0,19718,1245311,32,32,0,0.046956610679626476,3.7432076930999756,32.105082321167,taps_domain_v4,taps_unified_v5,taps_domain_v4,112.47741597941513,0.10832332093410578,467.67929015759125,-0.058179775159857006,-0.12785472253680974,-0.008261418275482308,0.024255824802028036,,,,,
32,8,2,closed_loop,16,taps_domain_v4,0.0920240385470597,42.90789850882013,29.691593070724586,112.47741597941513,220.67695700664106,467.67929015759125,196.1728394330453,0.4513732087207388,0.21261030085904956,0.9846232774110317,32435830784.0,1.0,175,10583121920,0,0,19452,1245577,32,32,0,0.046956610679626476,3.7432076930999756,32.105082321167,taps_domain_v4,taps_unified_v5,taps_domain_v4,112.47741597941513,0.10832332093410578,467.67929015759125,-0.058179775159857006,-0.12785472253680974,-0.008261418275482308,0.024255824802028036,,,,,
32,8,2,closed_loop,16,taps_admission_v4,0.10764785540803001,43.586200160355936,30.797260918651556,114.2991522924556,225.59933290910925,489.53849024084343,146.7111263720262,0.5277489662983162,0.24870722135747866,0.9870587946995681,30159904768.0,1.0,283,10583121920,0,0,16371,1248658,32,32,0,0.046956610679626476,3.7432076930999756,32.105082321167,taps_domain_v4,taps_unified_v5,taps_domain_v4,112.47741597941513,0.10832332093410578,467.67929015759125,-0.058179775159857006,-0.12785472253680974,-0.008261418275482308,0.024255824802028036,,,,,
32,8,2,closed_loop,16,taps_unified_v5,0.10832332093410578,43.77426647213427,32.6729160200252,121.23025136222475,239.1710149967249,495.5336080987104,145.84136220192437,0.5310994053074517,0.2502678019512704,0.9870587946995681,34760728576.0,1.0,273,10583121920,0,0,16371,1248658,32,32,0,0.046956610679626476,3.7432076930999756,32.105082321167,taps_domain_v4,taps_unified_v5,taps_domain_v4,112.47741597941513,0.10832332093410578,467.67929015759125,-0.058179775159857006,-0.12785472253680974,-0.008261418275482308,0.024255824802028036,,,,,
32,8,2,closed_loop,16,taps_unified_adaptive_v6,0.10742841667087982,42.549868661769324,29.296689807170644,126.85818479112058,242.31912133641032,456.3353432319919,147.679814539696,0.5267412045729064,0.24820023495846547,0.9870587946995681,38267715584.0,1.0,267,10583121920,0,0,16371,1248658,32,32,0,0.046956610679626476,3.7432076930999756,73.92709851264954,taps_domain_v4,taps_unified_v5,taps_domain_v4,112.47741597941513,0.10832332093410578,467.67929015759125,-0.058179775159857006,-0.12785472253680974,-0.008261418275482308,0.024255824802028036,"{""ADMISSION_STARVED"": 547, ""BALANCED"": 288, ""DOMAIN_HOT"": 2333, ""TAIL_RISK"": 135}","{""admission_starved"": 547, ""balanced"": 288, ""domain_hot"": 2333, ""tail_risk"": 135}","{""ADMISSION_STARVED->DOMAIN_HOT"": 39, ""ADMISSION_STARVED->TAIL_RISK"": 2, ""BALANCED->DOMAIN_HOT"": 2, ""DOMAIN_HOT->ADMISSION_STARVED"": 38, ""DOMAIN_HOT->BALANCED"": 1, ""DOMAIN_HOT->TAIL_RISK"": 7, ""TAIL_RISK->ADMISSION_STARVED"": 3, ""TAIL_RISK->DOMAIN_HOT"": 5}",97,"{""ADMISSION_STARVED:admit"": 303, ""ADMISSION_STARVED:admit_score"": 222, ""ADMISSION_STARVED:schedule_score"": 22, ""BALANCED:admit"": 34, ""BALANCED:admit_score"": 228, ""BALANCED:schedule_score"": 26, ""DOMAIN_HOT:admit"": 1363, ""DOMAIN_HOT:admit_score"": 78, ""DOMAIN_HOT:schedule_score"": 892, ""TAIL_RISK:admit"": 68, ""TAIL_RISK:schedule_score"": 67}"
32,16,4,bursty,32,reactive_admission,0.10365821696073345,50.91956109106033,40.555221018739644,120.62714918087454,227.1812872305734,644.1031681525033,220.87499351957166,0.31896447697804037,0.11974482451812771,0.9691880581393786,88334647296.0,1.0,228,10583121920,0,0,38978,1226051,32,32,0,0.046956610679626476,3.7432076930999756,32.105082321167,taps_domain_v4,taps_admission_v4,taps_domain_v4,107.7079403189993,0.11665955936126984,584.7966082649762,-0.10644791928820954,-0.23916266363979347,-0.015624578458476932,-0.05543938583143844,,,,,
32,16,4,bursty,32,acd_nisp,0.10365821696073345,50.91956109106033,40.555221018739644,120.62714918087454,227.1812872305734,644.1031681525033,220.87499351957166,0.31896447697804037,0.11974482451812771,0.9691880581393786,88334647296.0,1.0,228,10583121920,0,0,38978,1226051,32,32,0,0.046956610679626476,3.7432076930999756,32.105082321167,taps_domain_v4,taps_admission_v4,taps_domain_v4,107.7079403189993,0.11665955936126984,584.7966082649762,-0.10644791928820954,-0.23916266363979347,-0.015624578458476932,-0.05543938583143844,,,,,
32,16,4,bursty,32,taps_domain_v4,0.10415716389258603,49.03727735390754,40.807136644565,107.7079403189993,227.6314220315975,584.7966082649762,217.5098851601336,0.31974584100661957,0.12032120248940982,0.9807324575167842,71721803776.0,1.0,194,10583121920,0,0,24374,1240655,32,32,0,0.046956610679626476,3.7432076930999756,32.105082321167,taps_domain_v4,taps_admission_v4,taps_domain_v4,107.7079403189993,0.11665955936126984,584.7966082649762,-0.10644791928820954,-0.23916266363979347,-0.015624578458476932,-0.05543938583143844,,,,,
32,16,4,bursty,32,taps_admission_v4,0.11665955936126984,52.31493055929886,39.9959831372355,119.9085040490954,232.6419846980183,689.4141697082732,185.67269542123444,0.3583698517286958,0.13476383130696792,0.978383104260851,90912489472.0,1.0,264,10583121920,0,0,27346,1237683,32,32,0,0.046956610679626476,3.7432076930999756,32.105082321167,taps_domain_v4,taps_admission_v4,taps_domain_v4,107.7079403189993,0.11665955936126984,584.7966082649762,-0.10644791928820954,-0.23916266363979347,-0.015624578458476932,-0.05543938583143844,,,,,
32,16,4,bursty,32,taps_unified_v5,0.11317638364577341,52.88854413936012,43.722343092451666,126.30022190399842,240.6907846660778,708.2111761786332,195.5443654579492,0.34727952733849854,0.13074010528652205,0.983395637570364,75851145216.0,1.0,246,10583121920,0,0,21005,1244024,32,32,0,0.046956610679626476,3.7432076930999756,32.105082321167,taps_domain_v4,taps_admission_v4,taps_domain_v4,107.7079403189993,0.11665955936126984,584.7966082649762,-0.10644791928820954,-0.23916266363979347,-0.015624578458476932,-0.05543938583143844,,,,,
32,16,4,bursty,32,taps_unified_adaptive_v6,0.11483680292309834,50.05392684285032,37.7911372617561,133.46765822084708,242.93492678894944,617.2173730634947,193.1883409041602,0.3526311245332173,0.1326582032513472,0.9795751717944806,77240131584.0,1.0,234,10583121920,0,0,25838,1239191,32,32,0,0.046956610679626476,3.7432076930999756,73.92709851264954,taps_domain_v4,taps_admission_v4,taps_domain_v4,107.7079403189993,0.11665955936126984,584.7966082649762,-0.10644791928820954,-0.23916266363979347,-0.015624578458476932,-0.05543938583143844,"{""ADMISSION_STARVED"": 61, ""BALANCED"": 421, ""DOMAIN_HOT"": 3435, ""TAIL_RISK"": 288}","{""admission_starved"": 61, ""balanced"": 421, ""domain_hot"": 3435, ""tail_risk"": 288}","{""ADMISSION_STARVED->DOMAIN_HOT"": 3, ""BALANCED->DOMAIN_HOT"": 1, ""DOMAIN_HOT->ADMISSION_STARVED"": 3, ""DOMAIN_HOT->TAIL_RISK"": 7, ""TAIL_RISK->DOMAIN_HOT"": 6}",20,"{""ADMISSION_STARVED:admit"": 3, ""ADMISSION_STARVED:admit_score"": 58, ""BALANCED:admit"": 19, ""BALANCED:admit_score"": 392, ""BALANCED:schedule_score"": 10, ""DOMAIN_HOT:admit"": 1381, ""DOMAIN_HOT:admit_score"": 78, ""DOMAIN_HOT:schedule_score"": 1976, ""TAIL_RISK:admit"": 121, ""TAIL_RISK:schedule_score"": 167}"
64,4,4,bursty,32,reactive_admission,0.14460177076215908,27.13134225175411,16.165451032276316,77.04397763505382,177.39682574440235,0.0,423.74207923486415,0.46919865854470866,0.5116113746447487,0.9876024081110993,179087032320.0,1.0,303,16559915008,0,0,36182,2882288,64,64,0,0.046956610679626476,3.7432076930999756,32.105082321167,taps_unified_v5,taps_domain_v4,reactive_admission,76.95776139636598,0.144679239400338,0.0,0.0011190522781187831,0.0,-0.014066349045265436,0.0,,,,,
64,4,4,bursty,32,acd_nisp,0.14460177076215908,27.13134225175411,16.165451032276316,77.04397763505382,177.39682574440235,0.0,423.74207923486415,0.46919865854470866,0.5116113746447487,0.9876024081110993,179087032320.0,1.0,303,16559915008,0,0,36182,2882288,64,64,0,0.046956610679626476,3.7432076930999756,32.105082321167,taps_unified_v5,taps_domain_v4,reactive_admission,76.95776139636598,0.144679239400338,0.0,0.0011190522781187831,0.0,-0.014066349045265436,0.0,,,,,
64,4,4,bursty,32,taps_domain_v4,0.144679239400338,27.12178862487411,16.164429592276306,77.04267325975783,177.39159646762798,0.0,423.7933074513965,0.4691044731459658,0.5118854642099155,0.9876024081110993,56800608256.0,1.0,302,16559915008,0,0,36182,2882288,64,64,0,0.046956610679626476,3.7432076930999756,32.105082321167,taps_unified_v5,taps_domain_v4,reactive_admission,76.95776139636598,0.144679239400338,0.0,0.0011190522781187831,0.0,-0.014066349045265436,0.0,,,,,
64,4,4,bursty,32,taps_admission_v4,0.1425950342562294,27.127108395048925,16.165497050836308,76.96796437057407,177.37137018732273,0.0,422.8719869767785,0.4625363399038549,0.504511397812258,0.9898827125171751,201790840832.0,1.0,492,16559915008,0,0,29527,2888943,64,64,0,0.046956610679626476,3.7432076930999756,32.105082321167,taps_unified_v5,taps_domain_v4,reactive_admission,76.95776139636598,0.144679239400338,0.0,0.0011190522781187831,0.0,-0.014066349045265436,0.0,,,,,
64,4,4,bursty,32,taps_unified_v5,0.14264413071932933,27.115232828968928,16.162124936916342,76.95776139636598,177.36763953864434,0.0,423.0657612512875,0.46227209943598196,0.5046851045991416,0.9898827125171751,49783595008.0,1.0,495,16559915008,0,0,29527,2888943,64,64,0,0.046956610679626476,3.7432076930999756,32.105082321167,taps_unified_v5,taps_domain_v4,reactive_admission,76.95776139636598,0.144679239400338,0.0,0.0011190522781187831,0.0,-0.014066349045265436,0.0,,,,,
64,4,4,bursty,32,taps_unified_adaptive_v6,0.14264413071932933,27.115232828968928,16.162124936916342,76.95776139636598,177.36763953864434,0.0,423.0657612512875,0.46227209943598196,0.5046851045991416,0.9898827125171751,49783595008.0,1.0,495,16559915008,0,0,29527,2888943,64,64,0,0.046956610679626476,3.7432076930999756,73.92709851264954,taps_unified_v5,taps_domain_v4,reactive_admission,76.95776139636598,0.144679239400338,0.0,0.0011190522781187831,0.0,-0.014066349045265436,0.0,"{""ADMISSION_STARVED"": 4092, ""BALANCED"": 916, ""DOMAIN_HOT"": 1621, ""TAIL_RISK"": 4}","{""admission_starved"": 4092, ""balanced"": 916, ""domain_hot"": 1621, ""tail_risk"": 4}","{""ADMISSION_STARVED->BALANCED"": 28, ""ADMISSION_STARVED->DOMAIN_HOT"": 157, ""ADMISSION_STARVED->TAIL_RISK"": 4, ""BALANCED->ADMISSION_STARVED"": 28, ""BALANCED->DOMAIN_HOT"": 1, ""DOMAIN_HOT->ADMISSION_STARVED"": 161, ""TAIL_RISK->DOMAIN_HOT"": 4}",383,"{""ADMISSION_STARVED:admit"": 2960, ""ADMISSION_STARVED:admit_score"": 784, ""ADMISSION_STARVED:schedule_score"": 348, ""BALANCED:admit"": 306, ""BALANCED:admit_score"": 540, ""BALANCED:schedule_score"": 70, ""DOMAIN_HOT:admit"": 636, ""DOMAIN_HOT:admit_score"": 756, ""DOMAIN_HOT:schedule_score"": 229, ""TAIL_RISK:schedule_score"": 4}"
64,8,4,bursty,32,reactive_admission,0.19765111103165206,30.296631043724368,19.907298761009088,83.39355286710003,182.1800321941109,202.2350517294156,157.4983783445849,0.6415964165135102,0.34965186139140886,0.9863760806175839,206342692864.0,1.0,438,16559915008,0,0,39761,2878709,64,64,0,0.046956610679626476,3.7432076930999756,32.105082321167,taps_unified_v5,reactive_admission,taps_domain_v4,78.5205155305425,0.19765111103165206,196.60785861018954,0.056935812771567056,-0.0015914009646553905,0.0035364278050687434,-0.23627009867510382,,,,,
64,8,4,bursty,32,acd_nisp,0.19765111103165206,30.296631043724368,19.907298761009088,83.39355286710003,182.1800321941109,202.2350517294156,157.4983783445849,0.6415964165135102,0.34965186139140886,0.9863760806175839,206342692864.0,1.0,438,16559915008,0,0,39761,2878709,64,64,0,0.046956610679626476,3.7432076930999756,32.105082321167,taps_unified_v5,reactive_admission,taps_domain_v4,78.5205155305425,0.19765111103165206,196.60785861018954,0.056935812771567056,-0.0015914009646553905,0.0035364278050687434,-0.23627009867510382,,,,,
64,8,4,bursty,32,taps_domain_v4,0.19649951790491596,30.21010249596846,19.054699167599132,81.70707732910941,182.86470241568327,196.60785861018954,160.55838492112719,0.6379268186602953,0.3476146520975819,0.9845175725637063,161410342912.0,1.0,444,16559915008,0,0,45185,2873285,64,64,0,0.046956610679626476,3.7432076930999756,32.105082321167,taps_unified_v5,reactive_admission,taps_domain_v4,78.5205155305425,0.19765111103165206,196.60785861018954,0.056935812771567056,-0.0015914009646553905,0.0035364278050687434,-0.23627009867510382,,,,,
64,8,4,bursty,32,taps_admission_v4,0.19672432145520127,30.943032488116717,20.886779197558127,78.67939025902366,180.47004849767234,244.0358138386343,169.4784739089638,0.6382567021256595,0.34801233759195876,0.9888283929593246,202955497472.0,1.0,602,16559915008,0,0,32604,2885866,64,64,0,0.046956610679626476,3.7432076930999756,32.105082321167,taps_unified_v5,reactive_admission,taps_domain_v4,78.5205155305425,0.19765111103165206,196.60785861018954,0.056935812771567056,-0.0015914009646553905,0.0035364278050687434,-0.23627009867510382,,,,,
64,8,4,bursty,32,taps_unified_v5,0.19518771540204544,31.016682126057745,21.06085071639429,78.5205155305425,186.31597343873676,249.08871937274884,169.5879790842222,0.6330125818984941,0.3452940267061411,0.9893660034196,153198624768.0,1.0,581,16559915008,0,0,31035,2887435,64,64,0,0.046956610679626476,3.7432076930999756,32.105082321167,taps_unified_v5,reactive_admission,taps_domain_v4,78.5205155305425,0.19765111103165206,196.60785861018954,0.056935812771567056,-0.0015914009646553905,0.0035364278050687434,-0.23627009867510382,,,,,
64,8,4,bursty,32,taps_unified_adaptive_v6,0.19835008991640712,30.92260440426095,20.19106410976434,78.64547315470304,185.57002245600364,243.06041676431988,165.71582911934718,0.6432741454701478,0.3508883799561269,0.9893451020568996,153947537408.0,1.0,597,16559915008,0,0,31096,2887374,64,64,0,0.046956610679626476,3.7432076930999756,73.92709851264954,taps_unified_v5,reactive_admission,taps_domain_v4,78.5205155305425,0.19765111103165206,196.60785861018954,0.056935812771567056,-0.0015914009646553905,0.0035364278050687434,-0.23627009867510382,"{""ADMISSION_STARVED"": 3906, ""BALANCED"": 542, ""DOMAIN_HOT"": 2551, ""TAIL_RISK"": 5}","{""admission_starved"": 3906, ""balanced"": 542, ""domain_hot"": 2551, ""tail_risk"": 5}","{""ADMISSION_STARVED->DOMAIN_HOT"": 116, ""ADMISSION_STARVED->TAIL_RISK"": 1, ""BALANCED->DOMAIN_HOT"": 1, ""DOMAIN_HOT->ADMISSION_STARVED"": 116, ""DOMAIN_HOT->TAIL_RISK"": 3, ""TAIL_RISK->ADMISSION_STARVED"": 1, ""TAIL_RISK->DOMAIN_HOT"": 2}",240,"{""ADMISSION_STARVED:admit"": 2717, ""ADMISSION_STARVED:admit_score"": 618, ""ADMISSION_STARVED:schedule_score"": 571, ""BALANCED:admit"": 45, ""BALANCED:admit_score"": 484, ""BALANCED:schedule_score"": 13, ""DOMAIN_HOT:admit"": 1053, ""DOMAIN_HOT:admit_score"": 978, ""DOMAIN_HOT:schedule_score"": 520, ""TAIL_RISK:admit"": 1, ""TAIL_RISK:schedule_score"": 4}"
64,16,1,bursty,32,reactive_admission,0.11423379055701857,106.41602788930831,99.57258633426159,170.78796012414642,257.45291726584014,5345.836885450667,1.2118945121765137,0.9978368858768567,0.10104182388244072,0.9898827125171751,0.0,0.0,393,16559915008,0,0,29527,2888943,64,64,0,0.046956610679626476,3.7432076930999756,32.105082321167,taps_unified_v5,reactive_admission,taps_domain_v4,147.81874089417562,0.11423379055701857,4359.236238128355,0.1673359805285367,0.037950205135950404,-0.03142082001306269,-0.03873432195141259,,,,,
64,16,1,bursty,32,acd_nisp,0.11423379055701857,106.41602788930831,99.57258633426159,170.78796012414642,257.45291726584014,5345.836885450667,1.2118945121765137,0.9978368858768567,0.10104182388244072,0.9898827125171751,0.0,0.0,393,16559915008,0,0,29527,2888943,64,64,0,0.046956610679626476,3.7432076930999756,32.105082321167,taps_unified_v5,reactive_admission,taps_domain_v4,147.81874089417562,0.11423379055701857,4359.236238128355,0.1673359805285367,0.037950205135950404,-0.03142082001306269,-0.03873432195141259,,,,,
64,16,1,bursty,32,taps_domain_v4,0.11388393903837424,91.00039277489718,78.44672942366662,215.49227250760615,294.5004142162645,4359.236238128355,2.9329967498779297,0.994780918389643,0.10073237397834935,0.9898827125171751,0.0,0.0,321,16559915008,0,0,29527,2888943,64,64,18,0.046956610679626476,3.7432076930999756,32.105082321167,taps_unified_v5,reactive_admission,taps_domain_v4,147.81874089417562,0.11423379055701857,4359.236238128355,0.1673359805285367,0.037950205135950404,-0.03142082001306269,-0.03873432195141259,,,,,
64,16,1,bursty,32,taps_admission_v4,0.11266528489357777,110.64948929824185,104.57918313530382,187.19925661502535,265.10606912530847,5616.778415622405,9.01165663762481,0.9841359240243578,0.09965445266564753,0.9898827125171751,0.0,0.0,614,16559915008,0,0,29527,2888943,64,64,0,0.046956610679626476,3.7432076930999756,32.105082321167,taps_unified_v5,reactive_admission,taps_domain_v4,147.81874089417562,0.11423379055701857,4359.236238128355,0.1673359805285367,0.037950205135950404,-0.03142082001306269,-0.03873432195141259,,,,,
64,16,1,bursty,32,taps_unified_v5,0.1114968113786353,93.1347093836629,93.69606382500365,147.81874089417562,218.44000384884373,4495.832501089361,14.964799163548719,0.9739292595366039,0.09862091701448499,0.9898827125171751,0.0,0.0,583,16559915008,0,0,29527,2888943,64,64,4,0.046956610679626476,3.7432076930999756,32.105082321167,taps_unified_v5,reactive_admission,taps_domain_v4,147.81874089417562,0.11423379055701857,4359.236238128355,0.1673359805285367,0.037950205135950404,-0.03142082001306269,-0.03873432195141259,,,,,
64,16,1,bursty,32,taps_unified_adaptive_v6,0.11064447118451659,93.63870621098985,101.35738909994858,142.20898935430375,238.71768303364018,4528.088298038283,19.386616297258342,0.9664840326833237,0.09786700692043902,0.9898827125171751,0.0,0.0,566,16559915008,0,0,29527,2888943,64,64,0,0.046956610679626476,3.7432076930999756,73.92709851264954,taps_unified_v5,reactive_admission,taps_domain_v4,147.81874089417562,0.11423379055701857,4359.236238128355,0.1673359805285367,0.037950205135950404,-0.03142082001306269,-0.03873432195141259,"{""ADMISSION_STARVED"": 349, ""BALANCED"": 6599, ""TAIL_RISK"": 4016}","{""admission_starved"": 349, ""balanced"": 6599, ""tail_risk"": 4016}","{""ADMISSION_STARVED->BALANCED"": 4, ""BALANCED->TAIL_RISK"": 71, ""TAIL_RISK->ADMISSION_STARVED"": 4, ""TAIL_RISK->BALANCED"": 66}",145,"{""ADMISSION_STARVED:admit"": 4, ""ADMISSION_STARVED:admit_score"": 345, ""BALANCED:admit"": 1822, ""BALANCED:admit_score"": 1735, ""BALANCED:schedule_score"": 3042, ""TAIL_RISK:admit"": 1495, ""TAIL_RISK:schedule_score"": 2521}"
64,16,2,bursty,32,reactive_admission,0.1723110446701791,64.51940145750906,56.57888736801169,124.6698867831852,216.35145631695394,2559.2901515508124,45.360965216664574,0.8941399010817783,0.15241219033061223,0.9863349631827636,79477923840.0,1.0,459,16559915008,0,0,39881,2878589,64,64,0,0.046956610679626476,3.7432076930999756,32.105082321167,taps_admission_v4,taps_unified_v5,taps_admission_v4,112.51334287826697,0.17729823521791307,2459.7931222002203,-0.11243037703642207,-0.23262331036913322,-0.01833423047967293,0.02331547868403432,,,,,
64,16,2,bursty,32,acd_nisp,0.1723110446701791,64.51940145750906,56.57888736801169,124.6698867831852,216.35145631695394,2559.2901515508124,45.360965216664574,0.8941399010817783,0.15241219033061223,0.9863349631827636,79477923840.0,1.0,459,16559915008,0,0,39881,2878589,64,64,0,0.046956610679626476,3.7432076930999756,32.105082321167,taps_admission_v4,taps_unified_v5,taps_admission_v4,112.51334287826697,0.17729823521791307,2459.7931222002203,-0.11243037703642207,-0.23262331036913322,-0.01833423047967293,0.02331547868403432,,,,,
64,16,2,bursty,32,taps_domain_v4,0.17520345124313944,63.48585787349523,51.23605233096963,152.79840909215457,216.18972716472436,2493.4778574686543,35.658005996059565,0.9086910496409591,0.15497057549945237,0.9888116033401063,79543697408.0,1.0,402,16559915008,0,0,32653,2885817,64,64,2,0.046956610679626476,3.7432076930999756,32.105082321167,taps_admission_v4,taps_unified_v5,taps_admission_v4,112.51334287826697,0.17729823521791307,2459.7931222002203,-0.11243037703642207,-0.23262331036913322,-0.01833423047967293,0.02331547868403432,,,,,
64,16,2,bursty,32,taps_admission_v4,0.16925148506302914,62.95873921207164,55.976277776151264,112.51334287826697,213.87959608687856,2459.7931222002203,51.31603360780204,0.8777539833286939,0.14970595532364941,0.9893451020568996,83744145408.0,1.0,590,16559915008,0,0,31096,2887374,64,64,0,0.046956610679626476,3.7432076930999756,32.105082321167,taps_admission_v4,taps_unified_v5,taps_admission_v4,112.51334287826697,0.17729823521791307,2459.7931222002203,-0.11243037703642207,-0.23262331036913322,-0.01833423047967293,0.02331547868403432,,,,,
64,16,2,bursty,32,taps_unified_v5,0.17729823521791307,66.60244650143163,61.92127712317619,131.26223685803592,208.31077900114516,2693.0854103811853,33.095782269466355,0.9193535614093451,0.1568234492631502,0.9898827125171751,79223087104.0,1.0,594,16559915008,0,0,29527,2888943,64,64,0,0.046956610679626476,3.7432076930999756,32.105082321167,taps_admission_v4,taps_unified_v5,taps_admission_v4,112.51334287826697,0.17729823521791307,2459.7931222002203,-0.11243037703642207,-0.23262331036913322,-0.01833423047967293,0.02331547868403432,,,,,
64,16,2,bursty,32,taps_unified_adaptive_v6,0.1740476085097886,62.06322706416774,53.803223823479115,138.68656915930677,222.19150575548989,2402.441868092427,41.35487068118172,0.9026794452325415,0.15394821199974232,0.9888561472278283,78289412096.0,1.0,522,16559915008,0,0,32523,2885947,64,64,0,0.046956610679626476,3.7432076930999756,73.92709851264954,taps_admission_v4,taps_unified_v5,taps_admission_v4,112.51334287826697,0.17729823521791307,2459.7931222002203,-0.11243037703642207,-0.23262331036913322,-0.01833423047967293,0.02331547868403432,"{""ADMISSION_STARVED"": 592, ""BALANCED"": 934, ""DOMAIN_HOT"": 7499, ""TAIL_RISK"": 1515}","{""admission_starved"": 592, ""balanced"": 934, ""domain_hot"": 7499, ""tail_risk"": 1515}","{""ADMISSION_STARVED->DOMAIN_HOT"": 6, ""BALANCED->DOMAIN_HOT"": 1, ""DOMAIN_HOT->ADMISSION_STARVED"": 5, ""DOMAIN_HOT->TAIL_RISK"": 35, ""TAIL_RISK->ADMISSION_STARVED"": 1, ""TAIL_RISK->DOMAIN_HOT"": 33}",81,"{""ADMISSION_STARVED:admit"": 9, ""ADMISSION_STARVED:admit_score"": 583, ""BALANCED:admit"": 23, ""BALANCED:admit_score"": 904, ""BALANCED:schedule_score"": 7, ""DOMAIN_HOT:admit"": 3054, ""DOMAIN_HOT:admit_score"": 593, ""DOMAIN_HOT:schedule_score"": 3852, ""TAIL_RISK:admit"": 511, ""TAIL_RISK:schedule_score"": 1004}"
64,16,4,bursty,8,reactive_admission,0.20285608257927973,49.57583840357104,40.55807453753016,103.19359990816346,197.54088395307923,1435.1829241715386,115.51348585648836,0.6592224271038285,0.17942982080443706,0.9808882736502346,205798039552.0,1.0,509,8574877696,270,757028,55777,2862693,64,64,0,0.046956610679626476,3.7432076930999756,32.105082321167,taps_admission_v4,taps_domain_v4,taps_unified_v5,97.10747189151104,0.20752819993754879,958.5086569879477,-0.5513398128835538,-0.6485687131383888,-0.4616947820236582,0.19093775613479688,,,,,
64,16,4,bursty,8,acd_nisp,0.20285608257927973,49.57583840357104,40.55807453753016,103.19359990816346,197.54088395307923,1435.1829241715386,115.51348585648836,0.6592224271038285,0.17942982080443706,0.9808882736502346,205798039552.0,1.0,509,8574877696,270,757028,55777,2862693,64,64,0,0.046956610679626476,3.7432076930999756,32.105082321167,taps_admission_v4,taps_domain_v4,taps_unified_v5,97.10747189151104,0.20752819993754879,958.5086569879477,-0.5513398128835538,-0.6485687131383888,-0.4616947820236582,0.19093775613479688,,,,,
64,16,4,bursty,8,taps_domain_v4,0.20752819993754879,46.65511829321045,35.73923807899041,120.46999819201676,189.08085376645056,1249.1312340346951,119.05364459413175,0.6736965942565869,0.1835623918849414,0.984948277693449,167310581760.0,1.0,461,8539381760,243,632758,43928,2874542,64,64,3,0.046956610679626476,3.7432076930999756,32.105082321167,taps_admission_v4,taps_domain_v4,taps_unified_v5,97.10747189151104,0.20752819993754879,958.5086569879477,-0.5513398128835538,-0.6485687131383888,-0.4616947820236582,0.19093775613479688,,,,,
64,16,4,bursty,8,taps_admission_v4,0.1956393637933897,48.727851893818126,40.125790042150655,97.10747189151104,197.31002499361415,1382.1112069155743,131.1249492118334,0.6348536041471726,0.1730465044055206,0.9871771853059994,178386345984.0,1.0,604,8558247936,290,666498,37423,2881047,64,64,0,0.046956610679626476,3.7432076930999756,32.105082321167,taps_admission_v4,taps_domain_v4,taps_unified_v5,97.10747189151104,0.20752819993754879,958.5086569879477,-0.5513398128835538,-0.6485687131383888,-0.4616947820236582,0.19093775613479688,,,,,
64,16,4,bursty,8,taps_unified_v5,0.11944956689600096,54.63655193626108,44.54205299913485,151.78036792477968,233.08140582955164,958.5086569879477,208.66050349507972,0.39580187413804935,0.12546097731538322,0.985202159239688,97682292736.0,1.0,351,8586862592,12,45474,24436,1626886,39,39,25,0.046956610679626476,3.7432076930999756,32.105082321167,taps_admission_v4,taps_domain_v4,taps_unified_v5,97.10747189151104,0.20752819993754879,958.5086569879477,-0.5513398128835538,-0.6485687131383888,-0.4616947820236582,0.19093775613479688,,,,,
64,16,4,bursty,8,taps_unified_adaptive_v6,0.11171351290362004,51.20713010487007,38.311409559423716,160.08833997231062,240.734393132343,775.4931647868913,213.1918900973698,0.3754069198438996,0.11327666649581236,0.9829246319980774,81362534400.0,1.0,292,8444764160,1,5380,26005,1496949,36,36,28,0.046956610679626476,3.7432076930999756,73.92709851264954,taps_admission_v4,taps_domain_v4,taps_unified_v5,97.10747189151104,0.20752819993754879,958.5086569879477,-0.5513398128835538,-0.6485687131383888,-0.4616947820236582,0.19093775613479688,"{""ADMISSION_STARVED"": 332, ""BALANCED"": 949, ""DOMAIN_HOT"": 4523, ""MEMORY_PRESSURE"": 218, ""TAIL_RISK"": 452}","{""admission_starved"": 332, ""balanced"": 949, ""domain_hot"": 4523, ""memory_pressure"": 218, ""tail_risk"": 452}","{""ADMISSION_STARVED->DOMAIN_HOT"": 10, ""ADMISSION_STARVED->MEMORY_PRESSURE"": 1, ""BALANCED->DOMAIN_HOT"": 3, ""DOMAIN_HOT->ADMISSION_STARVED"": 11, ""DOMAIN_HOT->BALANCED"": 2, ""DOMAIN_HOT->TAIL_RISK"": 6, ""TAIL_RISK->DOMAIN_HOT"": 6}",39,"{""ADMISSION_STARVED:admit"": 83, ""ADMISSION_STARVED:admit_score"": 234, ""ADMISSION_STARVED:schedule_score"": 15, ""BALANCED:admit"": 37, ""BALANCED:admit_score"": 904, ""BALANCED:schedule_score"": 8, ""DOMAIN_HOT:admit"": 1780, ""DOMAIN_HOT:admit_score"": 536, ""DOMAIN_HOT:schedule_score"": 2207, ""MEMORY_PRESSURE:admit"": 192, ""MEMORY_PRESSURE:schedule_score"": 26, ""TAIL_RISK:admit"": 176, ""TAIL_RISK:schedule_score"": 276}"
64,16,4,bursty,16,reactive_admission,0.2026666870420579,49.55995718544262,40.169350479223226,102.47544444417244,195.77188876911492,1434.4279074491656,115.7457134614869,0.6584000206442614,0.17926229707592609,0.9821365304423209,195576242176.0,1.0,509,16559915008,0,0,52134,2866336,64,64,0,0.046956610679626476,3.7432076930999756,32.105082321167,taps_admission_v4,taps_domain_v4,taps_domain_v4,97.09789896803052,0.20806875914853756,1253.301973349576,0.07311650380683918,0.02178317728959665,-0.04601319130033944,-0.03395549407681538,,,,,
64,16,4,bursty,16,acd_nisp,0.2026666870420579,49.55995718544262,40.169350479223226,102.47544444417244,195.77188876911492,1434.4279074491656,115.7457134614869,0.6584000206442614,0.17926229707592609,0.9821365304423209,195576242176.0,1.0,509,16559915008,0,0,52134,2866336,64,64,0,0.046956610679626476,3.7432076930999756,32.105082321167,taps_admission_v4,taps_domain_v4,taps_domain_v4,97.09789896803052,0.20806875914853756,1253.301973349576,0.07311650380683918,0.02178317728959665,-0.04601319130033944,-0.03395549407681538,,,,,
64,16,4,bursty,16,taps_domain_v4,0.20806875914853756,46.71891690602336,34.75766178496491,120.00679457421666,194.90820763272382,1253.301973349576,116.0246809861085,0.6753801845265045,0.18404052614213842,0.9855239217809332,169169272832.0,1.0,442,16559915008,0,0,42248,2876222,64,64,3,0.046956610679626476,3.7432076930999756,32.105082321167,taps_admission_v4,taps_domain_v4,taps_domain_v4,97.09789896803052,0.20806875914853756,1253.301973349576,0.07311650380683918,0.02178317728959665,-0.04601319130033944,-0.03395549407681538,,,,,
64,16,4,bursty,16,taps_admission_v4,0.19567912070189733,48.69524899130352,40.125790042150655,97.09789896803052,196.57733775988703,1380.2113403372318,130.404800061595,0.6348398932675863,0.1730816700997338,0.9886553570877892,190256496640.0,1.0,599,16559915008,0,0,33109,2885361,64,64,0,0.046956610679626476,3.7432076930999756,32.105082321167,taps_admission_v4,taps_domain_v4,taps_domain_v4,97.09789896803052,0.20806875914853756,1253.301973349576,0.07311650380683918,0.02178317728959665,-0.04601319130033944,-0.03395549407681538,,,,,
64,16,4,bursty,16,taps_unified_v5,0.19577697345292097,51.147377768239004,44.174418109905915,106.3047217813968,202.2456911257645,1537.3048642108336,132.655386600979,0.635037073886514,0.17316822260216885,0.9891929675480645,176908935168.0,1.0,599,16559915008,0,0,31540,2886930,64,64,0,0.046956610679626476,3.7432076930999756,32.105082321167,taps_admission_v4,taps_domain_v4,taps_domain_v4,97.09789896803052,0.20806875914853756,1253.301973349576,0.07311650380683918,0.02178317728959665,-0.04601319130033944,-0.03395549407681538,,,,,
64,16,4,bursty,16,taps_unified_adaptive_v6,0.19849485153021165,47.3764518766243,37.56884898059135,94.98279822036257,215.61168873018795,1295.8584610821085,126.31592176438951,0.6439360677285006,0.1755722342057449,0.9881664022587178,163787366400.0,1.0,549,16559915008,0,0,34536,2883934,64,64,0,0.046956610679626476,3.7432076930999756,73.92709851264954,taps_admission_v4,taps_domain_v4,taps_domain_v4,97.09789896803052,0.20806875914853756,1253.301973349576,0.07311650380683918,0.02178317728959665,-0.04601319130033944,-0.03395549407681538,"{""ADMISSION_STARVED"": 634, ""BALANCED"": 949, ""DOMAIN_HOT"": 7755, ""MEMORY_PRESSURE"": 9, ""TAIL_RISK"": 559}","{""admission_starved"": 634, ""balanced"": 949, ""domain_hot"": 7755, ""memory_pressure"": 9, ""tail_risk"": 559}","{""ADMISSION_STARVED->DOMAIN_HOT"": 27, ""BALANCED->DOMAIN_HOT"": 3, ""DOMAIN_HOT->ADMISSION_STARVED"": 27, ""DOMAIN_HOT->BALANCED"": 2, ""DOMAIN_HOT->MEMORY_PRESSURE"": 1, ""DOMAIN_HOT->TAIL_RISK"": 14, ""TAIL_RISK->DOMAIN_HOT"": 14}",88,"{""ADMISSION_STARVED:admit"": 102, ""ADMISSION_STARVED:admit_score"": 529, ""ADMISSION_STARVED:schedule_score"": 3, ""BALANCED:admit"": 37, ""BALANCED:admit_score"": 904, ""BALANCED:schedule_score"": 8, ""DOMAIN_HOT:admit"": 3224, ""DOMAIN_HOT:admit_score"": 647, ""DOMAIN_HOT:schedule_score"": 3884, ""MEMORY_PRESSURE:schedule_score"": 9, ""TAIL_RISK:admit"": 213, ""TAIL_RISK:schedule_score"": 346}"
64,16,4,bursty,32,reactive_admission,0.2026666870420579,49.55995718544262,40.169350479223226,102.47544444417244,195.77188876911492,1434.4279074491656,115.7457134614869,0.6584000206442614,0.17926229707592609,0.9821365304423209,195576242176.0,1.0,509,16559915008,0,0,52134,2866336,64,64,0,0.046956610679626476,3.7432076930999756,32.105082321167,taps_admission_v4,taps_domain_v4,taps_domain_v4,97.09789896803052,0.20806875914853756,1253.301973349576,0.07311650380683918,0.02178317728959665,-0.04601319130033944,-0.03395549407681538,,,,,
64,16,4,bursty,32,acd_nisp,0.2026666870420579,49.55995718544262,40.169350479223226,102.47544444417244,195.77188876911492,1434.4279074491656,115.7457134614869,0.6584000206442614,0.17926229707592609,0.9821365304423209,195576242176.0,1.0,509,16559915008,0,0,52134,2866336,64,64,0,0.046956610679626476,3.7432076930999756,32.105082321167,taps_admission_v4,taps_domain_v4,taps_domain_v4,97.09789896803052,0.20806875914853756,1253.301973349576,0.07311650380683918,0.02178317728959665,-0.04601319130033944,-0.03395549407681538,,,,,
64,16,4,bursty,32,taps_domain_v4,0.20806875914853756,46.71891690602336,34.75766178496491,120.00679457421666,194.90820763272382,1253.301973349576,116.0246809861085,0.6753801845265045,0.18404052614213842,0.9855239217809332,169169272832.0,1.0,442,16559915008,0,0,42248,2876222,64,64,3,0.046956610679626476,3.7432076930999756,32.105082321167,taps_admission_v4,taps_domain_v4,taps_domain_v4,97.09789896803052,0.20806875914853756,1253.301973349576,0.07311650380683918,0.02178317728959665,-0.04601319130033944,-0.03395549407681538,,,,,
64,16,4,bursty,32,taps_admission_v4,0.19567912070189733,48.69524899130352,40.125790042150655,97.09789896803052,196.57733775988703,1380.2113403372318,130.404800061595,0.6348398932675863,0.1730816700997338,0.9886553570877892,190256496640.0,1.0,599,16559915008,0,0,33109,2885361,64,64,0,0.046956610679626476,3.7432076930999756,32.105082321167,taps_admission_v4,taps_domain_v4,taps_domain_v4,97.09789896803052,0.20806875914853756,1253.301973349576,0.07311650380683918,0.02178317728959665,-0.04601319130033944,-0.03395549407681538,,,,,
64,16,4,bursty,32,taps_unified_v5,0.19577697345292097,51.147377768239004,44.174418109905915,106.3047217813968,202.2456911257645,1537.3048642108336,132.655386600979,0.635037073886514,0.17316822260216885,0.9891929675480645,176908935168.0,1.0,599,16559915008,0,0,31540,2886930,64,64,0,0.046956610679626476,3.7432076930999756,32.105082321167,taps_admission_v4,taps_domain_v4,taps_domain_v4,97.09789896803052,0.20806875914853756,1253.301973349576,0.07311650380683918,0.02178317728959665,-0.04601319130033944,-0.03395549407681538,,,,,
64,16,4,bursty,32,taps_unified_adaptive_v6,0.19849485153021165,47.3764518766243,37.56884898059135,94.98279822036257,215.61168873018795,1295.8584610821085,126.31592176438951,0.6439360677285006,0.1755722342057449,0.9881664022587178,163787366400.0,1.0,549,16559915008,0,0,34536,2883934,64,64,0,0.046956610679626476,3.7432076930999756,73.92709851264954,taps_admission_v4,taps_domain_v4,taps_domain_v4,97.09789896803052,0.20806875914853756,1253.301973349576,0.07311650380683918,0.02178317728959665,-0.04601319130033944,-0.03395549407681538,"{""ADMISSION_STARVED"": 634, ""BALANCED"": 949, ""DOMAIN_HOT"": 7757, ""TAIL_RISK"": 566}","{""admission_starved"": 634, ""balanced"": 949, ""domain_hot"": 7757, ""tail_risk"": 566}","{""ADMISSION_STARVED->DOMAIN_HOT"": 27, ""BALANCED->DOMAIN_HOT"": 3, ""DOMAIN_HOT->ADMISSION_STARVED"": 27, ""DOMAIN_HOT->BALANCED"": 2, ""DOMAIN_HOT->TAIL_RISK"": 16, ""TAIL_RISK->DOMAIN_HOT"": 15}",90,"{""ADMISSION_STARVED:admit"": 102, ""ADMISSION_STARVED:admit_score"": 529, ""ADMISSION_STARVED:schedule_score"": 3, ""BALANCED:admit"": 37, ""BALANCED:admit_score"": 904, ""BALANCED:schedule_score"": 8, ""DOMAIN_HOT:admit"": 3224, ""DOMAIN_HOT:admit_score"": 647, ""DOMAIN_HOT:schedule_score"": 3886, ""TAIL_RISK:admit"": 213, ""TAIL_RISK:schedule_score"": 353}"
64,16,4,bursty,64,reactive_admission,0.2026666870420579,49.55995718544262,40.169350479223226,102.47544444417244,195.77188876911492,1434.4279074491656,115.7457134614869,0.6584000206442614,0.17926229707592609,0.9821365304423209,195576242176.0,1.0,509,16559915008,0,0,52134,2866336,64,64,0,0.046956610679626476,3.7432076930999756,32.105082321167,taps_admission_v4,taps_domain_v4,taps_domain_v4,97.09789896803052,0.20806875914853756,1253.301973349576,0.07311650380683918,0.02178317728959665,-0.04601319130033944,-0.03395549407681538,,,,,
64,16,4,bursty,64,acd_nisp,0.2026666870420579,49.55995718544262,40.169350479223226,102.47544444417244,195.77188876911492,1434.4279074491656,115.7457134614869,0.6584000206442614,0.17926229707592609,0.9821365304423209,195576242176.0,1.0,509,16559915008,0,0,52134,2866336,64,64,0,0.046956610679626476,3.7432076930999756,32.105082321167,taps_admission_v4,taps_domain_v4,taps_domain_v4,97.09789896803052,0.20806875914853756,1253.301973349576,0.07311650380683918,0.02178317728959665,-0.04601319130033944,-0.03395549407681538,,,,,
64,16,4,bursty,64,taps_domain_v4,0.20806875914853756,46.71891690602336,34.75766178496491,120.00679457421666,194.90820763272382,1253.301973349576,116.0246809861085,0.6753801845265045,0.18404052614213842,0.9855239217809332,169169272832.0,1.0,442,16559915008,0,0,42248,2876222,64,64,3,0.046956610679626476,3.7432076930999756,32.105082321167,taps_admission_v4,taps_domain_v4,taps_domain_v4,97.09789896803052,0.20806875914853756,1253.301973349576,0.07311650380683918,0.02178317728959665,-0.04601319130033944,-0.03395549407681538,,,,,
64,16,4,bursty,64,taps_admission_v4,0.19567912070189733,48.69524899130352,40.125790042150655,97.09789896803052,196.57733775988703,1380.2113403372318,130.404800061595,0.6348398932675863,0.1730816700997338,0.9886553570877892,190256496640.0,1.0,599,16559915008,0,0,33109,2885361,64,64,0,0.046956610679626476,3.7432076930999756,32.105082321167,taps_admission_v4,taps_domain_v4,taps_domain_v4,97.09789896803052,0.20806875914853756,1253.301973349576,0.07311650380683918,0.02178317728959665,-0.04601319130033944,-0.03395549407681538,,,,,
64,16,4,bursty,64,taps_unified_v5,0.19577697345292097,51.147377768239004,44.174418109905915,106.3047217813968,202.2456911257645,1537.3048642108336,132.655386600979,0.635037073886514,0.17316822260216885,0.9891929675480645,176908935168.0,1.0,599,16559915008,0,0,31540,2886930,64,64,0,0.046956610679626476,3.7432076930999756,32.105082321167,taps_admission_v4,taps_domain_v4,taps_domain_v4,97.09789896803052,0.20806875914853756,1253.301973349576,0.07311650380683918,0.02178317728959665,-0.04601319130033944,-0.03395549407681538,,,,,
64,16,4,bursty,64,taps_unified_adaptive_v6,0.19849485153021165,47.3764518766243,37.56884898059135,94.98279822036257,215.61168873018795,1295.8584610821085,126.31592176438951,0.6439360677285006,0.1755722342057449,0.9881664022587178,163787366400.0,1.0,549,16559915008,0,0,34536,2883934,64,64,0,0.046956610679626476,3.7432076930999756,73.92709851264954,taps_admission_v4,taps_domain_v4,taps_domain_v4,97.09789896803052,0.20806875914853756,1253.301973349576,0.07311650380683918,0.02178317728959665,-0.04601319130033944,-0.03395549407681538,"{""ADMISSION_STARVED"": 634, ""BALANCED"": 949, ""DOMAIN_HOT"": 7757, ""TAIL_RISK"": 566}","{""admission_starved"": 634, ""balanced"": 949, ""domain_hot"": 7757, ""tail_risk"": 566}","{""ADMISSION_STARVED->DOMAIN_HOT"": 27, ""BALANCED->DOMAIN_HOT"": 3, ""DOMAIN_HOT->ADMISSION_STARVED"": 27, ""DOMAIN_HOT->BALANCED"": 2, ""DOMAIN_HOT->TAIL_RISK"": 16, ""TAIL_RISK->DOMAIN_HOT"": 15}",90,"{""ADMISSION_STARVED:admit"": 102, ""ADMISSION_STARVED:admit_score"": 529, ""ADMISSION_STARVED:schedule_score"": 3, ""BALANCED:admit"": 37, ""BALANCED:admit_score"": 904, ""BALANCED:schedule_score"": 8, ""DOMAIN_HOT:admit"": 3224, ""DOMAIN_HOT:admit_score"": 647, ""DOMAIN_HOT:schedule_score"": 3886, ""TAIL_RISK:admit"": 213, ""TAIL_RISK:schedule_score"": 353}"
64,16,4,closed_loop,32,reactive_admission,0.20214209055419718,49.68625369107236,41.08683363291175,102.96416861687806,197.6010071931624,1442.2615825820496,118.90060035966482,0.6568926250573721,0.17879828213185983,0.9806590439511114,195354378240.0,1.0,504,16559915008,0,0,56446,2862024,64,64,0,0.046956610679626476,3.7432076930999756,32.105082321167,taps_admission_v4,taps_domain_v4,taps_domain_v4,97.29148544820269,0.20533062587353829,1272.630265800458,0.04280178359587624,-0.013008672851235794,-0.03432413963369003,-0.08530944717357,,,,,
64,16,4,closed_loop,32,acd_nisp,0.20214209055419718,49.68625369107236,41.08683363291175,102.96416861687806,197.6010071931624,1442.2615825820496,118.90060035966482,0.6568926250573721,0.17879828213185983,0.9806590439511114,195354378240.0,1.0,504,16559915008,0,0,56446,2862024,64,64,0,0.046956610679626476,3.7432076930999756,32.105082321167,taps_admission_v4,taps_domain_v4,taps_domain_v4,97.29148544820269,0.20533062587353829,1272.630265800458,0.04280178359587624,-0.013008672851235794,-0.03432413963369003,-0.08530944717357,,,,,
64,16,4,closed_loop,32,taps_domain_v4,0.20533062587353829,47.02097329204553,37.56442027478029,120.77638130049608,193.12342653918128,1272.630265800458,119.74155911734033,0.6664950086514808,0.18161859845515452,0.9860437146861197,187840651264.0,1.0,439,16559915008,0,0,40731,2877739,64,64,3,0.046956610679626476,3.7432076930999756,32.105082321167,taps_admission_v4,taps_domain_v4,taps_domain_v4,97.29148544820269,0.20533062587353829,1272.630265800458,0.04280178359587624,-0.013008672851235794,-0.03432413963369003,-0.08530944717357,,,,,
64,16,4,closed_loop,32,taps_admission_v4,0.19517055889905802,50.75739656245849,41.3495713452064,97.29148544820269,202.82810049152118,1511.9807138410952,132.34704562042236,0.6333486013381464,0.172631838120376,0.9875092085921733,193208451072.0,1.0,582,16559915008,0,0,36454,2882016,64,64,0,0.046956610679626476,3.7432076930999756,32.105082321167,taps_admission_v4,taps_domain_v4,taps_domain_v4,97.29148544820269,0.20533062587353829,1272.630265800458,0.04280178359587624,-0.013008672851235794,-0.03432413963369003,-0.08530944717357,,,,,
64,16,4,closed_loop,32,taps_unified_v5,0.19284684229974575,52.22714747588007,45.0278021472771,104.52496043437215,204.3317575501365,1606.483995025351,136.3788409521433,0.6254770312291977,0.17057646936971518,0.9898827125171751,185492070400.0,1.0,567,16559915008,0,0,29527,2888943,64,64,0,0.046956610679626476,3.7432076930999756,32.105082321167,taps_admission_v4,taps_domain_v4,taps_domain_v4,97.29148544820269,0.20533062587353829,1272.630265800458,0.04280178359587624,-0.013008672851235794,-0.03432413963369003,-0.08530944717357,,,,,
64,16,4,closed_loop,32,taps_unified_adaptive_v6,0.198282828799982,48.71108361966485,40.958073499566005,98.55711855360913,216.74683966170429,1381.1976502322484,125.6761115029897,0.6433080734527004,0.17538469632170492,0.9876496931611427,161843748864.0,1.0,526,16559915008,0,0,36044,2882426,64,64,0,0.046956610679626476,3.7432076930999756,73.92709851264954,taps_admission_v4,taps_domain_v4,taps_domain_v4,97.29148544820269,0.20533062587353829,1272.630265800458,0.04280178359587624,-0.013008672851235794,-0.03432413963369003,-0.08530944717357,"{""ADMISSION_STARVED"": 730, ""BALANCED"": 963, ""DOMAIN_HOT"": 7616, ""TAIL_RISK"": 778}","{""admission_starved"": 730, ""balanced"": 963, ""domain_hot"": 7616, ""tail_risk"": 778}","{""ADMISSION_STARVED->DOMAIN_HOT"": 27, ""ADMISSION_STARVED->TAIL_RISK"": 1, ""BALANCED->DOMAIN_HOT"": 1, ""DOMAIN_HOT->ADMISSION_STARVED"": 27, ""DOMAIN_HOT->TAIL_RISK"": 17, ""TAIL_RISK->ADMISSION_STARVED"": 1, ""TAIL_RISK->DOMAIN_HOT"": 16}",90,"{""ADMISSION_STARVED:admit"": 106, ""ADMISSION_STARVED:admit_score"": 621, ""ADMISSION_STARVED:schedule_score"": 3, ""BALANCED:admit"": 31, ""BALANCED:admit_score"": 904, ""BALANCED:schedule_score"": 28, ""DOMAIN_HOT:admit"": 3221, ""DOMAIN_HOT:admit_score"": 389, ""DOMAIN_HOT:schedule_score"": 4006, ""TAIL_RISK:admit"": 221, ""TAIL_RISK:admit_score"": 166, ""TAIL_RISK:schedule_score"": 391}"
64,16,4,poisson,32,reactive_admission,0.203383457264981,48.93137168997122,39.68388950271733,101.74298168379399,198.64360417824602,1394.5923077793789,115.05933543951933,0.660415662396403,0.1798962931140125,0.9847471449081197,204704030720.0,1.0,575,16559915008,0,0,44515,2873955,64,64,0,0.046956610679626476,3.7432076930999756,32.105082321167,taps_admission_v4,taps_domain_v4,taps_admission_v4,101.24914132833695,0.206879950112423,1271.9489036805712,-0.01783016022166423,-0.022794603391495676,-0.019142834627534373,0.043226877726173785,,,,,
64,16,4,poisson,32,acd_nisp,0.203383457264981,48.93137168997122,39.68388950271733,101.74298168379399,198.64360417824602,1394.5923077793789,115.05933543951933,0.660415662396403,0.1798962931140125,0.9847471449081197,204704030720.0,1.0,575,16559915008,0,0,44515,2873955,64,64,0,0.046956610679626476,3.7432076930999756,32.105082321167,taps_admission_v4,taps_domain_v4,taps_admission_v4,101.24914132833695,0.206879950112423,1271.9489036805712,-0.01783016022166423,-0.022794603391495676,-0.019142834627534373,0.043226877726173785,,,,,
64,16,4,poisson,32,taps_domain_v4,0.206879950112423,47.2016774654304,35.517695631965175,113.078472252218,204.06845774848466,1284.5828623139746,114.66881694857112,0.671210881101081,0.18298900336003296,0.9881701713569097,181950046208.0,1.0,530,16559915008,0,0,34525,2883945,64,64,2,0.046956610679626476,3.7432076930999756,32.105082321167,taps_admission_v4,taps_domain_v4,taps_admission_v4,101.24914132833695,0.206879950112423,1271.9489036805712,-0.01783016022166423,-0.022794603391495676,-0.019142834627534373,0.043226877726173785,,,,,
64,16,4,poisson,32,taps_admission_v4,0.19434785619452646,47.00253986288739,38.793130609142096,101.24914132833695,193.2808268914231,1271.9489036805712,135.26776071066547,0.6304670232493079,0.17190414291413658,0.9893451020568996,199424024576.0,1.0,599,16559915008,0,0,31096,2887374,64,64,0,0.046956610679626476,3.7432076930999756,32.105082321167,taps_admission_v4,taps_domain_v4,taps_admission_v4,101.24914132833695,0.206879950112423,1271.9489036805712,-0.01783016022166423,-0.022794603391495676,-0.019142834627534373,0.043226877726173785,,,,,
64,16,4,poisson,32,taps_unified_v5,0.1913939280594756,49.68243664401537,43.086686959354196,107.56102820174748,203.53620171797868,1443.621740257691,141.3501594657238,0.6207652367360537,0.16929134082705005,0.9898827125171751,185644376064.0,1.0,598,16559915008,0,0,29527,2888943,64,64,0,0.046956610679626476,3.7432076930999756,32.105082321167,taps_admission_v4,taps_domain_v4,taps_admission_v4,101.24914132833695,0.206879950112423,1271.9489036805712,-0.01783016022166423,-0.022794603391495676,-0.019142834627534373,0.043226877726173785,,,,,
64,16,4,poisson,32,taps_unified_adaptive_v6,0.20291968143966832,46.14051201396649,35.21068093919693,103.55707534864588,217.12722319428778,1216.9665239472304,119.65466040977464,0.6581255924308479,0.1794860751300545,0.9893937576881037,163610460160.0,1.0,565,16559915008,0,0,30954,2887516,64,64,0,0.046956610679626476,3.7432076930999756,73.92709851264954,taps_admission_v4,taps_domain_v4,taps_admission_v4,101.24914132833695,0.206879950112423,1271.9489036805712,-0.01783016022166423,-0.022794603391495676,-0.019142834627534373,0.043226877726173785,"{""ADMISSION_STARVED"": 376, ""BALANCED"": 1006, ""DOMAIN_HOT"": 7658, ""TAIL_RISK"": 599}","{""admission_starved"": 376, ""balanced"": 1006, ""domain_hot"": 7658, ""tail_risk"": 599}","{""ADMISSION_STARVED->DOMAIN_HOT"": 19, ""ADMISSION_STARVED->TAIL_RISK"": 2, ""BALANCED->DOMAIN_HOT"": 15, ""DOMAIN_HOT->ADMISSION_STARVED"": 19, ""DOMAIN_HOT->BALANCED"": 14, ""DOMAIN_HOT->TAIL_RISK"": 16, ""TAIL_RISK->ADMISSION_STARVED"": 2, ""TAIL_RISK->DOMAIN_HOT"": 15}",102,"{""ADMISSION_STARVED:admit"": 77, ""ADMISSION_STARVED:admit_score"": 297, ""ADMISSION_STARVED:schedule_score"": 2, ""BALANCED:admit"": 95, ""BALANCED:admit_score"": 904, ""BALANCED:schedule_score"": 7, ""DOMAIN_HOT:admit"": 3219, ""DOMAIN_HOT:admit_score"": 738, ""DOMAIN_HOT:schedule_score"": 3701, ""TAIL_RISK:admit"": 173, ""TAIL_RISK:admit_score"": 130, ""TAIL_RISK:schedule_score"": 296}"
64,16,8,bursty,32,reactive_admission,0.21125673178061466,40.729115583431906,31.407182455705136,91.62699944828485,194.13121837534362,494.5121312792879,167.09318177692273,0.49777574308881756,0.18686034475851818,0.9825168667144086,481910030336.0,1.0,529,16559915008,0,0,51024,2867446,64,64,0,0.046956610679626476,3.7432076930999756,32.105082321167,taps_domain_v4,taps_domain_v4,taps_domain_v4,86.21052034444759,0.21157333905456294,483.3455895788383,-0.016399673952202903,-0.08025855768371357,-0.02189204653396772,-0.17320747811670636,,,,,
64,16,8,bursty,32,acd_nisp,0.21125673178061466,40.729115583431906,31.407182455705136,91.62699944828485,194.13121837534362,494.5121312792879,167.09318177692273,0.49777574308881756,0.18686034475851818,0.9825168667144086,481910030336.0,1.0,529,16559915008,0,0,51024,2867446,64,64,0,0.046956610679626476,3.7432076930999756,32.105082321167,taps_domain_v4,taps_domain_v4,taps_domain_v4,86.21052034444759,0.21157333905456294,483.3455895788383,-0.016399673952202903,-0.08025855768371357,-0.02189204653396772,-0.17320747811670636,,,,,
64,16,8,bursty,32,taps_domain_v4,0.21157333905456294,40.547389424643924,29.38018056071239,86.21052034444759,196.53939457786973,483.3455895788383,168.30018612571143,0.49833004164874534,0.18714038953562165,0.9831963323248141,422470049792.0,1.0,524,16559915008,0,0,49041,2869429,64,64,0,0.046956610679626476,3.7432076930999756,32.105082321167,taps_domain_v4,taps_domain_v4,taps_domain_v4,86.21052034444759,0.21157333905456294,483.3455895788383,-0.016399673952202903,-0.08025855768371357,-0.02189204653396772,-0.17320747811670636,,,,,
64,16,8,bursty,32,taps_admission_v4,0.20985955945609175,41.48461866930408,32.09839359691729,90.88032878391734,193.80679356754743,544.3819255768019,175.7542074360656,0.4938616065771719,0.1856245209338912,0.9880886217778494,450634956800.0,1.0,589,16559915008,0,0,34763,2883707,64,64,0,0.046956610679626476,3.7432076930999756,32.105082321167,taps_domain_v4,taps_domain_v4,taps_domain_v4,86.21052034444759,0.21157333905456294,483.3455895788383,-0.016399673952202903,-0.08025855768371357,-0.02189204653396772,-0.17320747811670636,,,,,
64,16,8,bursty,32,taps_unified_v5,0.2083182129317237,41.65607704332377,33.327929014982914,97.75547262821908,202.4324331244768,555.988547067951,175.89974298673053,0.48997669652323494,0.18426117245969972,0.9891929675480645,377926090752.0,1.0,592,16559915008,0,0,31540,2886930,64,64,0,0.046956610679626476,3.7432076930999756,32.105082321167,taps_domain_v4,taps_domain_v4,taps_domain_v4,86.21052034444759,0.21157333905456294,483.3455895788383,-0.016399673952202903,-0.08025855768371357,-0.02189204653396772,-0.17320747811670636,,,,,
64,16,8,bursty,32,taps_unified_adaptive_v6,0.20694156567063351,41.83156907856915,30.873098380129903,93.1296523644554,210.31680202620458,567.0646602086215,179.4384631227607,0.48680154189719826,0.183043503419523,0.9886553570877892,382752505856.0,1.0,567,16559915008,0,0,33109,2885361,64,64,0,0.046956610679626476,3.7432076930999756,73.92709851264954,taps_domain_v4,taps_domain_v4,taps_domain_v4,86.21052034444759,0.21157333905456294,483.3455895788383,-0.016399673952202903,-0.08025855768371357,-0.02189204653396772,-0.17320747811670636,"{""ADMISSION_STARVED"": 1387, ""BALANCED"": 949, ""DOMAIN_HOT"": 5875, ""TAIL_RISK"": 160}","{""admission_starved"": 1387, ""balanced"": 949, ""domain_hot"": 5875, ""tail_risk"": 160}","{""ADMISSION_STARVED->DOMAIN_HOT"": 51, ""ADMISSION_STARVED->TAIL_RISK"": 1, ""BALANCED->DOMAIN_HOT"": 2, ""DOMAIN_HOT->ADMISSION_STARVED"": 51, ""DOMAIN_HOT->BALANCED"": 1, ""DOMAIN_HOT->TAIL_RISK"": 10, ""TAIL_RISK->ADMISSION_STARVED"": 1, ""TAIL_RISK->DOMAIN_HOT"": 9}",126,"{""ADMISSION_STARVED:admit"": 1022, ""ADMISSION_STARVED:admit_score"": 47, ""ADMISSION_STARVED:schedule_score"": 318, ""BALANCED:admit"": 35, ""BALANCED:admit_score"": 904, ""BALANCED:schedule_score"": 10, ""DOMAIN_HOT:admit"": 2502, ""DOMAIN_HOT:admit_score"": 1129, ""DOMAIN_HOT:schedule_score"": 2244, ""TAIL_RISK:admit"": 65, ""TAIL_RISK:schedule_score"": 95}"
64,16,16,bursty,32,reactive_admission,0.21135116395376935,43.971020619509886,33.87980854670309,90.3047856124714,203.97919338624308,0.0,298.2840629196165,0.3938890275616792,0.18694387169885895,0.9785976898854537,774931791872.0,1.0,528,16559915008,0,0,62462,2856008,64,64,0,0.046956610679626476,3.7432076930999756,32.105082321167,taps_unified_v5,taps_domain_v4,reactive_admission,90.11066737614868,0.2113869948460617,0.0,0.002149589692353074,0.0,-0.005027859250387553,0.0,,,,,
64,16,16,bursty,32,acd_nisp,0.21135116395376935,43.971020619509886,33.87980854670309,90.3047856124714,203.97919338624308,0.0,298.2840629196165,0.3938890275616792,0.18694387169885895,0.9785976898854537,774931791872.0,1.0,528,16559915008,0,0,62462,2856008,64,64,0,0.046956610679626476,3.7432076930999756,32.105082321167,taps_unified_v5,taps_domain_v4,reactive_admission,90.11066737614868,0.2113869948460617,0.0,0.002149589692353074,0.0,-0.005027859250387553,0.0,,,,,
64,16,16,bursty,32,taps_domain_v4,0.2113869948460617,43.93032434430989,33.83452915086308,90.29319887019942,203.95052037698866,0.0,298.2488555620046,0.39341813809802717,0.18697556476175142,0.9785976898854537,254019469312.0,1.0,539,16559915008,0,0,62462,2856008,64,64,0,0.046956610679626476,3.7432076930999756,32.105082321167,taps_unified_v5,taps_domain_v4,reactive_admission,90.11066737614868,0.2113869948460617,0.0,0.002149589692353074,0.0,-0.005027859250387553,0.0,,,,,
64,16,16,bursty,32,taps_admission_v4,0.21028486884785597,43.93212311537524,33.768615594857145,90.12612581326869,204.05846314481704,0.0,301.77405235335306,0.39139058204854543,0.18600071467173898,0.9852799583343327,793203654656.0,1.0,614,16559915008,0,0,42960,2875510,64,64,0,0.046956610679626476,3.7432076930999756,32.105082321167,taps_unified_v5,taps_domain_v4,reactive_admission,90.11066737614868,0.2113869948460617,0.0,0.002149589692353074,0.0,-0.005027859250387553,0.0,,,,,
64,16,16,bursty,32,taps_unified_v5,0.2103241707886133,43.88569318833524,33.71657233085713,90.11066737614868,204.02002793887786,0.0,301.7287515230162,0.3908533988936389,0.18603547793886768,0.9852799583343327,198900588544.0,1.0,614,16559915008,0,0,42960,2875510,64,64,0,0.046956610679626476,3.7432076930999756,32.105082321167,taps_unified_v5,taps_domain_v4,reactive_admission,90.11066737614868,0.2113869948460617,0.0,0.002149589692353074,0.0,-0.005027859250387553,0.0,,,,,
64,16,16,bursty,32,taps_unified_adaptive_v6,0.2103241707886133,43.88569318833524,33.71657233085713,90.11066737614868,204.02002793887786,0.0,301.7287515230162,0.3908533988936389,0.18603547793886768,0.9852799583343327,198900588544.0,1.0,614,16559915008,0,0,42960,2875510,64,64,0,0.046956610679626476,3.7432076930999756,73.92709851264954,taps_unified_v5,taps_domain_v4,reactive_admission,90.11066737614868,0.2113869948460617,0.0,0.002149589692353074,0.0,-0.005027859250387553,0.0,"{""ADMISSION_STARVED"": 1044, ""BALANCED"": 1319, ""DOMAIN_HOT"": 3854, ""TAIL_RISK"": 12}","{""admission_starved"": 1044, ""balanced"": 1319, ""domain_hot"": 3854, ""tail_risk"": 12}","{""ADMISSION_STARVED->DOMAIN_HOT"": 58, ""ADMISSION_STARVED->TAIL_RISK"": 1, ""BALANCED->DOMAIN_HOT"": 55, ""DOMAIN_HOT->ADMISSION_STARVED"": 59, ""DOMAIN_HOT->BALANCED"": 54, ""DOMAIN_HOT->TAIL_RISK"": 7, ""TAIL_RISK->DOMAIN_HOT"": 7}",241,"{""ADMISSION_STARVED:admit"": 833, ""ADMISSION_STARVED:admit_score"": 118, ""ADMISSION_STARVED:schedule_score"": 93, ""BALANCED:admit"": 394, ""BALANCED:admit_score"": 904, ""BALANCED:schedule_score"": 21, ""DOMAIN_HOT:admit"": 2271, ""DOMAIN_HOT:admit_score"": 1058, ""DOMAIN_HOT:schedule_score"": 525, ""TAIL_RISK:schedule_score"": 12}"
64,32,4,bursty,32,reactive_admission,0.2099755597733056,84.61283825834619,84.90655096143108,137.66173861227998,232.4346614846574,3676.7913024130985,100.42868275381676,0.6829816748625436,0.09286356264104428,0.9761268746980438,196257202176.0,1.0,503,16559915008,0,0,69673,2848797,64,64,0,0.046956610679626476,3.7432076930999756,32.105082321167,taps_unified_v5,taps_unified_v5,taps_domain_v4,117.83661821062489,0.22107876062310347,2862.2849955740235,0.004466560933797443,-0.1630244159209817,-0.04674786561908005,0.018323156356607494,,,,,
64,32,4,bursty,32,acd_nisp,0.2099755597733056,84.61283825834619,84.90655096143108,137.66173861227998,232.4346614846574,3676.7913024130985,100.42868275381676,0.6829816748625436,0.09286356264104428,0.9761268746980438,196257202176.0,1.0,503,16559915008,0,0,69673,2848797,64,64,0,0.046956610679626476,3.7432076930999756,32.105082321167,taps_unified_v5,taps_unified_v5,taps_domain_v4,117.83661821062489,0.22107876062310347,2862.2849955740235,0.004466560933797443,-0.1630244159209817,-0.04674786561908005,0.018323156356607494,,,,,
64,32,4,bursty,32,taps_domain_v4,0.20647972187007396,71.85585337988053,57.36545373176826,136.5391052499533,229.51988921570947,2862.2849955740235,116.50168653891254,0.6700455457426685,0.09131749717294801,0.9868698324807177,170945216512.0,1.0,464,16559915008,0,0,38320,2880150,64,64,7,0.046956610679626476,3.7432076930999756,32.105082321167,taps_unified_v5,taps_unified_v5,taps_domain_v4,117.83661821062489,0.22107876062310347,2862.2849955740235,0.004466560933797443,-0.1630244159209817,-0.04674786561908005,0.018323156356607494,,,,,
64,32,4,bursty,32,taps_admission_v4,0.21143573626208165,81.88004855352925,79.58139842238182,138.3576546448373,230.9588794330859,3503.4630299439173,101.25818007878001,0.686434232795703,0.09350933870650084,0.985432435488458,196777771008.0,1.0,596,16559915008,0,0,42515,2875955,64,64,0,0.046956610679626476,3.7432076930999756,32.105082321167,taps_unified_v5,taps_unified_v5,taps_domain_v4,117.83661821062489,0.22107876062310347,2862.2849955740235,0.004466560933797443,-0.1630244159209817,-0.04674786561908005,0.018323156356607494,,,,,
64,32,4,bursty,32,taps_unified_v5,0.22107876062310347,74.97781060888121,66.68763938146606,117.83661821062489,228.60785629322976,3062.3153969989194,88.80385432154395,0.7172263318097479,0.09777405217013274,0.9878059394134598,157786832896.0,1.0,547,16559915008,0,0,35588,2882882,64,64,1,0.046956610679626476,3.7432076930999756,32.105082321167,taps_unified_v5,taps_unified_v5,taps_domain_v4,117.83661821062489,0.22107876062310347,2862.2849955740235,0.004466560933797443,-0.1630244159209817,-0.04674786561908005,0.018323156356607494,,,,,
64,32,4,bursty,32,taps_unified_adaptive_v6,0.21074380043026186,71.03924722596958,62.141354848398834,137.04686406851573,228.90162008405974,2809.838900062949,105.85717591439186,0.6840337671333554,0.09320332391825047,0.9859491445860331,176738852864.0,1.0,477,16559915008,0,0,41007,2877463,64,64,0,0.046956610679626476,3.7432076930999756,73.92709851264954,taps_unified_v5,taps_unified_v5,taps_domain_v4,117.83661821062489,0.22107876062310347,2862.2849955740235,0.004466560933797443,-0.1630244159209817,-0.04674786561908005,0.018323156356607494,"{""ADMISSION_STARVED"": 272, ""BALANCED"": 1581, ""DOMAIN_HOT"": 8651, ""TAIL_RISK"": 3543}","{""admission_starved"": 272, ""balanced"": 1581, ""domain_hot"": 8651, ""tail_risk"": 3543}","{""ADMISSION_STARVED->DOMAIN_HOT"": 1, ""ADMISSION_STARVED->TAIL_RISK"": 1, ""BALANCED->DOMAIN_HOT"": 1, ""DOMAIN_HOT->ADMISSION_STARVED"": 1, ""DOMAIN_HOT->TAIL_RISK"": 45, ""TAIL_RISK->ADMISSION_STARVED"": 1, ""TAIL_RISK->DOMAIN_HOT"": 44}",94,"{""ADMISSION_STARVED:admit"": 2, ""ADMISSION_STARVED:admit_score"": 270, ""BALANCED:admit"": 19, ""BALANCED:admit_score"": 1552, ""BALANCED:schedule_score"": 10, ""DOMAIN_HOT:admit"": 2088, ""DOMAIN_HOT:admit_score"": 78, ""DOMAIN_HOT:schedule_score"": 6485, ""TAIL_RISK:admit"": 687, ""TAIL_RISK:admit_score"": 180, ""TAIL_RISK:schedule_score"": 2676}"
128,16,4,bursty,32,reactive_admission,0.2090770890958214,49.740780272816124,39.40243678508904,102.43453268219753,273.0379911045852,2753.136426237723,203.21569492070572,0.6798901392140488,0.19894270756188673,0.9908643259805575,390521585664.0,1.0,1057,16559915008,0,0,52139,5655048,128,128,0,0.046956610679626476,3.7432076930999756,32.105082321167,taps_admission_v4,taps_unified_v5,taps_admission_v4,97.20291425826073,0.2728002642091941,2594.6839860303767,-0.1991627799735744,-0.2637036647904703,0.0072442573595617185,0.05535480333824872,,,,,
128,16,4,bursty,32,acd_nisp,0.2090770890958214,49.740780272816124,39.40243678508904,102.43453268219753,273.0379911045852,2753.136426237723,203.21569492070572,0.6798901392140488,0.19894270756188673,0.9908643259805575,390521585664.0,1.0,1057,16559915008,0,0,52139,5655048,128,128,0,0.046956610679626476,3.7432076930999756,32.105082321167,taps_admission_v4,taps_unified_v5,taps_admission_v4,97.20291425826073,0.2728002642091941,2594.6839860303767,-0.1991627799735744,-0.2637036647904703,0.0072442573595617185,0.05535480333824872,,,,,
128,16,4,bursty,32,taps_domain_v4,0.2152188962796281,48.972838775925794,31.35792282737843,162.85152976956317,305.144608219502,2655.5586154711586,189.76430385373672,0.699560351893873,0.20478680915978897,0.9925965278516369,360503205888.0,1.0,918,16559915008,0,0,42253,5664934,128,128,4,0.046956610679626476,3.7432076930999756,32.105082321167,taps_admission_v4,taps_unified_v5,taps_admission_v4,97.20291425826073,0.2728002642091941,2594.6839860303767,-0.1991627799735744,-0.2637036647904703,0.0072442573595617185,0.05535480333824872,,,,,
128,16,4,bursty,32,taps_admission_v4,0.2705117405709551,48.49309324065902,37.582528818806445,97.20291425826073,272.92139111128256,2594.6839860303767,63.510440119820544,0.879006013905132,0.257399499530052,0.9944578651444222,376950669312.0,1.0,1225,16559915008,0,0,31630,5675557,128,128,0,0.046956610679626476,3.7432076930999756,32.105082321167,taps_admission_v4,taps_unified_v5,taps_admission_v4,97.20291425826073,0.2728002642091941,2594.6839860303767,-0.1991627799735744,-0.2637036647904703,0.0072442573595617185,0.05535480333824872,,,,,
128,16,4,bursty,32,taps_unified_v5,0.2728002642091941,50.42551249706237,41.017920305227506,106.76981282912749,273.6889538725513,2842.1644026161475,61.770409862691686,0.8863727200604847,0.2595770938847449,0.9948254718129965,375168876544.0,1.0,1187,16559915008,0,0,29532,5677655,128,128,0,0.046956610679626476,3.7432076930999756,32.105082321167,taps_admission_v4,taps_unified_v5,taps_admission_v4,97.20291425826073,0.2728002642091941,2594.6839860303767,-0.1991627799735744,-0.2637036647904703,0.0072442573595617185,0.05535480333824872,,,,,
128,16,4,bursty,32,taps_unified_adaptive_v6,0.27477649953088196,47.370119345730025,36.78798128124139,122.83567897647795,263.7352897246548,2451.055764258762,54.68789894637792,0.8928036613172979,0.2614575371574931,0.9945505552910742,360723005440.0,1.0,1117,16559915008,0,0,31101,5676086,128,128,0,0.046956610679626476,3.7432076930999756,73.92709851264954,taps_admission_v4,taps_unified_v5,taps_admission_v4,97.20291425826073,0.2728002642091941,2594.6839860303767,-0.1991627799735744,-0.2637036647904703,0.0072442573595617185,0.05535480333824872,"{""ADMISSION_STARVED"": 3899, ""BALANCED"": 1985, ""DOMAIN_HOT"": 16978, ""TAIL_RISK"": 991}","{""admission_starved"": 3899, ""balanced"": 1985, ""domain_hot"": 16978, ""tail_risk"": 991}","{""ADMISSION_STARVED->DOMAIN_HOT"": 112, ""ADMISSION_STARVED->TAIL_RISK"": 1, ""BALANCED->DOMAIN_HOT"": 4, ""DOMAIN_HOT->ADMISSION_STARVED"": 113, ""DOMAIN_HOT->BALANCED"": 3, ""DOMAIN_HOT->TAIL_RISK"": 40, ""TAIL_RISK->DOMAIN_HOT"": 40}",313,"{""ADMISSION_STARVED:admit"": 650, ""ADMISSION_STARVED:admit_score"": 3166, ""ADMISSION_STARVED:schedule_score"": 83, ""BALANCED:admit"": 49, ""BALANCED:admit_score"": 1928, ""BALANCED:schedule_score"": 8, ""DOMAIN_HOT:admit"": 6588, ""DOMAIN_HOT:admit_score"": 3162, ""DOMAIN_HOT:schedule_score"": 7228, ""TAIL_RISK:admit"": 360, ""TAIL_RISK:schedule_score"": 631}"
128,32,8,poisson,32,reactive_admission,0.23819239785541904,68.92611595594968,59.093541688612426,118.67497694765095,281.88347521008365,4458.91495117892,244.3091661154059,0.5617289728819194,0.11332336975549151,0.9910325349423456,887656734720.0,1.0,1197,16559915008,0,0,51179,5656008,128,128,0,0.046956610679626476,3.7432076930999756,32.105082321167,reactive_admission,taps_unified_v5,taps_admission_v4,118.67497694765095,0.31089813018554247,4005.4217614063114,-0.20807050680693467,-0.20807050680693467,-0.01970619984584384,0.07284449100238731,,,,,
128,32,8,poisson,32,acd_nisp,0.23819239785541904,68.92611595594968,59.093541688612426,118.67497694765095,281.88347521008365,4458.91495117892,244.3091661154059,0.5617289728819194,0.11332336975549151,0.9910325349423456,887656734720.0,1.0,1197,16559915008,0,0,51179,5656008,128,128,0,0.046956610679626476,3.7432076930999756,32.105082321167,reactive_admission,taps_unified_v5,taps_admission_v4,118.67497694765095,0.31089813018554247,4005.4217614063114,-0.20807050680693467,-0.20807050680693467,-0.01970619984584384,0.07284449100238731,,,,,
128,32,8,poisson,32,taps_domain_v4,0.2524961433426328,65.85879951255627,38.47147836798714,229.43025345244018,271.36451844072633,4067.549514038372,229.15943948488848,0.595153000235851,0.120128577030494,0.9925660399773129,784249618432.0,1.0,1125,16559915008,0,0,42427,5664760,128,128,7,0.046956610679626476,3.7432076930999756,32.105082321167,reactive_admission,taps_unified_v5,taps_admission_v4,118.67497694765095,0.31089813018554247,4005.4217614063114,-0.20807050680693467,-0.20807050680693467,-0.01970619984584384,0.07284449100238731,,,,,
128,32,8,poisson,32,taps_admission_v4,0.305195107165424,65.37054215837342,54.84958515382713,120.50252184695766,284.6851512112033,4005.4217614063114,129.6281564089827,0.7192585129368413,0.14520084724898513,0.9938085084648531,828717195264.0,1.0,1220,16559915008,0,0,35336,5671851,128,128,0,0.046956610679626476,3.7432076930999756,32.105082321167,reactive_admission,taps_unified_v5,taps_admission_v4,118.67497694765095,0.31089813018554247,4005.4217614063114,-0.20807050680693467,-0.20807050680693467,-0.01970619984584384,0.07284449100238731,,,,,
128,32,8,poisson,32,taps_unified_v5,0.31089813018554247,69.38711405036987,60.33063779126838,126.22236934836889,297.55806982257195,4519.972414362292,124.90970229764207,0.7325685383541602,0.14791414033580044,0.9944727586462473,806515146752.0,1.0,1197,16559915008,0,0,31545,5675642,128,128,0,0.046956610679626476,3.7432076930999756,32.105082321167,reactive_admission,taps_unified_v5,taps_admission_v4,118.67497694765095,0.31089813018554247,4005.4217614063114,-0.20807050680693467,-0.20807050680693467,-0.01970619984584384,0.07284449100238731,,,,,
128,32,8,poisson,32,taps_unified_adaptive_v6,0.304771509500407,63.087418452020856,52.515586638178405,143.36773954644997,283.5745647757417,3713.648851946783,132.13836593968517,0.7181212429573531,0.1449993147263167,0.9938085084648531,735332204544.0,1.0,1045,16559915008,0,0,35336,5671851,128,128,0,0.046956610679626476,3.7432076930999756,73.92709851264954,reactive_admission,taps_unified_v5,taps_admission_v4,118.67497694765095,0.31089813018554247,4005.4217614063114,-0.20807050680693467,-0.20807050680693467,-0.01970619984584384,0.07284449100238731,"{""ADMISSION_STARVED"": 736, ""BALANCED"": 3744, ""DOMAIN_HOT"": 24259, ""TAIL_RISK"": 3054}","{""admission_starved"": 736, ""balanced"": 3744, ""domain_hot"": 24259, ""tail_risk"": 3054}","{""ADMISSION_STARVED->DOMAIN_HOT"": 7, ""BALANCED->DOMAIN_HOT"": 11, ""DOMAIN_HOT->ADMISSION_STARVED"": 7, ""DOMAIN_HOT->BALANCED"": 10, ""DOMAIN_HOT->TAIL_RISK"": 64, ""TAIL_RISK->DOMAIN_HOT"": 63}",162,"{""ADMISSION_STARVED:admit"": 7, ""ADMISSION_STARVED:admit_score"": 729, ""BALANCED:admit"": 127, ""BALANCED:admit_score"": 3600, ""BALANCED:schedule_score"": 17, ""DOMAIN_HOT:admit"": 6266, ""DOMAIN_HOT:admit_score"": 3927, ""DOMAIN_HOT:schedule_score"": 14066, ""TAIL_RISK:admit"": 695, ""TAIL_RISK:schedule_score"": 2359}"
128,32,16,bursty,64,reactive_admission,0.27622339679363084,62.052276560678365,51.46367899261169,112.55427559792304,284.20210450493835,2172.9852995367582,240.191590128936,0.515353110454063,0.13141715021888703,0.9870491364660033,1607713357824.0,1.0,1172,16559915008,0,0,73913,5633274,128,128,0,0.046956610679626476,3.7432076930999756,32.105082321167,reactive_admission,taps_unified_v5,taps_admission_v4,112.55427559792304,0.33824676420935834,2008.3915021829482,-0.2130829855816265,-0.2130829855816265,0.029097995174028692,-0.007038397434782281,,,,,
128,32,16,bursty,64,acd_nisp,0.27622339679363084,62.052276560678365,51.46367899261169,112.55427559792304,284.20210450493835,2172.9852995367582,240.191590128936,0.515353110454063,0.13141715021888703,0.9870491364660033,1607713357824.0,1.0,1172,16559915008,0,0,73913,5633274,128,128,0,0.046956610679626476,3.7432076930999756,32.105082321167,reactive_admission,taps_unified_v5,taps_admission_v4,112.55427559792304,0.33824676420935834,2008.3915021829482,-0.2130829855816265,-0.2130829855816265,0.029097995174028692,-0.007038397434782281,,,,,
128,32,16,bursty,64,taps_domain_v4,0.28328741299128307,60.87959315019426,42.78351719776674,182.97444120763518,275.2770034317707,2025.1974555715597,235.97727746769078,0.5282122178360256,0.13477795487400124,0.9888104244700585,1411010994176.0,1.0,1105,16559915008,0,0,63861,5643326,128,128,8,0.046956610679626476,3.7432076930999756,32.105082321167,reactive_admission,taps_unified_v5,taps_admission_v4,112.55427559792304,0.33824676420935834,2008.3915021829482,-0.2130829855816265,-0.2130829855816265,0.029097995174028692,-0.007038397434782281,,,,,
128,32,16,bursty,64,taps_admission_v4,0.33497107620549527,60.73906908143146,49.34147227489027,117.10966759953453,283.5108242511362,2008.3915021829482,162.86402230716422,0.6243873889002205,0.15936718160615587,0.991717110373289,1614163984384.0,1.0,1218,16559915008,0,0,47272,5659915,128,128,0,0.046956610679626476,3.7432076930999756,32.105082321167,reactive_admission,taps_unified_v5,taps_admission_v4,112.55427559792304,0.33824676420935834,2008.3915021829482,-0.2130829855816265,-0.2130829855816265,0.029097995174028692,-0.007038397434782281,,,,,
128,32,16,bursty,64,taps_unified_v5,0.33824676420935834,60.72654540500541,52.60728730364161,117.78643164778919,283.02198718377565,2009.051824956482,161.22427907295466,0.630119469651845,0.16092563605813506,0.9928378025812016,1330642747392.0,1.0,1175,16559915008,0,0,40876,5666311,128,128,0,0.046956610679626476,3.7432076930999756,32.105082321167,reactive_admission,taps_unified_v5,taps_admission_v4,112.55427559792304,0.33824676420935834,2008.3915021829482,-0.2130829855816265,-0.2130829855816265,0.029097995174028692,-0.007038397434782281,,,,,
128,32,16,bursty,64,taps_unified_adaptive_v6,0.34808906692195307,60.8288900924938,47.53825627985246,136.5376766823057,285.9745289560492,2022.5273597799512,151.4655125568314,0.6483908754211948,0.16560824943953217,0.9928378025812016,1255559782400.0,1.0,1077,16559915008,0,0,40876,5666311,128,128,0,0.046956610679626476,3.7432076930999756,73.92709851264954,reactive_admission,taps_unified_v5,taps_admission_v4,112.55427559792304,0.33824676420935834,2008.3915021829482,-0.2130829855816265,-0.2130829855816265,0.029097995174028692,-0.007038397434782281,"{""ADMISSION_STARVED"": 1357, ""BALANCED"": 3668, ""DOMAIN_HOT"": 20672, ""TAIL_RISK"": 1180}","{""admission_starved"": 1357, ""balanced"": 3668, ""domain_hot"": 20672, ""tail_risk"": 1180}","{""ADMISSION_STARVED->DOMAIN_HOT"": 64, ""ADMISSION_STARVED->TAIL_RISK"": 2, ""BALANCED->DOMAIN_HOT"": 1, ""DOMAIN_HOT->ADMISSION_STARVED"": 65, ""DOMAIN_HOT->TAIL_RISK"": 46, ""TAIL_RISK->ADMISSION_STARVED"": 1, ""TAIL_RISK->DOMAIN_HOT"": 46}",225,"{""ADMISSION_STARVED:admit"": 657, ""ADMISSION_STARVED:admit_score"": 191, ""ADMISSION_STARVED:schedule_score"": 509, ""BALANCED:admit"": 47, ""BALANCED:admit_score"": 3600, ""BALANCED:schedule_score"": 21, ""DOMAIN_HOT:admit"": 6130, ""DOMAIN_HOT:admit_score"": 4288, ""DOMAIN_HOT:schedule_score"": 10254, ""TAIL_RISK:admit"": 290, ""TAIL_RISK:admit_score"": 177, ""TAIL_RISK:schedule_score"": 713}"
